epoch,epoch,time,learning_rate,total,data,pde,bc,val_mse,val_rel_l2,val_pde
0,0,5.156723737716675,0.001,0.06749834723981983,0.04147759339514565,0.0260207542806124,0.0,0.001484690685174428,0.08529739454388618,"tensor(0.0447, device='cuda:0')"
1,1,8.728696346282959,0.001,0.02936258758847595,0.023989165776429025,0.005373421795534115,0.0,0.0003950308328057872,0.04019169392995536,"tensor(0.0448, device='cuda:0')"
2,2,13.286453008651733,0.001,0.029505147664735082,0.02452659192131766,0.0049785556534225955,0.0,0.0019861684559145942,0.09326661378145218,"tensor(0.1033, device='cuda:0')"
3,3,17.73158049583435,0.001,0.023831180465268963,0.02003111360687102,0.003800066836931287,0.0,0.0002589037130746874,0.035396473249420524,"tensor(0.0132, device='cuda:0')"
4,4,22.58876609802246,0.001,0.02464734418119522,0.02108261794353842,0.0035647261406440314,0.0,0.0010024656148743816,0.06685907393693924,"tensor(0.0159, device='cuda:0')"
5,5,27.417659282684326,0.001,0.021730055708887308,0.018507525215836915,0.003222530514517046,0.0,0.0009134821048064623,0.06716688955202699,"tensor(0.0174, device='cuda:0')"
6,6,31.737237215042114,0.001,0.023443112906121406,0.020002341664112206,0.003440771265539955,0.0,0.0011471083635115065,0.0723162405192852,"tensor(0.0745, device='cuda:0')"
7,7,35.93343162536621,0.001,0.022307386958694206,0.019069831266814302,0.0032375558021029206,0.0,0.0005950083868810907,0.054823617450892925,"tensor(0.0232, device='cuda:0')"
8,8,39.97241020202637,0.001,0.02210005288877597,0.018776836098297268,0.003323216799147929,0.0,0.0006173982656036969,0.051302054431289434,"tensor(0.0114, device='cuda:0')"
9,9,43.804829359054565,0.001,0.020213530990063934,0.01738763979061487,0.0028258911689003625,0.0,0.0025360981380799785,0.10591933177784085,"tensor(0.0706, device='cuda:0')"
10,10,47.37409949302673,0.001,0.019008372593274776,0.01636150670865326,0.002646865804947199,0.0,0.0002786063778330572,0.036825907649472356,"tensor(0.0141, device='cuda:0')"
11,11,50.92447471618652,0.001,0.019170568301507557,0.01656193576145468,0.0026086325957836148,0.0,0.000991713663097471,0.06238106149248779,"tensor(0.0322, device='cuda:0')"
12,12,54.90864944458008,0.001,0.02149954197122484,0.018486524525871302,0.0030130173706330674,0.0,0.00028834423756052274,0.03774594934657216,"tensor(0.0171, device='cuda:0')"
13,13,58.96208930015564,0.001,0.02048140563440661,0.017585963985043848,0.0028954416654627534,0.0,0.00033061821704905014,0.03759088856168091,"tensor(0.0327, device='cuda:0')"
14,14,62.76241207122803,0.001,0.019275511687634684,0.01654596871148187,0.0027295429906015224,0.0,0.0003835752868326381,0.04333754046820104,"tensor(0.0149, device='cuda:0')"
15,15,66.76051306724548,0.001,0.019505468259915604,0.016751983411055296,0.0027534848682628614,0.0,0.00020784760727110552,0.03202355117537081,"tensor(0.0085, device='cuda:0')"
16,16,70.75816440582275,0.001,0.020209707306526232,0.017491996750658285,0.002717710551326923,0.0,9.252390100300545e-05,0.022615700610913336,"tensor(0.0150, device='cuda:0')"
17,17,75.44051504135132,0.001,0.0172798976942844,0.015004749512233843,0.0022751481428326284,0.0,3.81807665235101e-05,0.014088472467847168,"tensor(0.0106, device='cuda:0')"
18,18,79.18289279937744,0.001,0.016600671997095678,0.014352733434461955,0.0022479384800696625,0.0,7.022758381936e-05,0.018967088079079986,"tensor(0.0178, device='cuda:0')"
19,19,83.06556177139282,0.001,0.02246859129716424,0.0194163487973154,0.0030522424110924784,0.0,0.0010039389235316776,0.07208541873842478,"tensor(0.0638, device='cuda:0')"
20,20,87.18368935585022,0.001,0.01847338311189244,0.015834677399710773,0.0026387058149739203,0.0,6.043404823685705e-05,0.019040429615415633,"tensor(0.0117, device='cuda:0')"
21,21,91.50790548324585,0.001,0.0195337710803018,0.016757180025893534,0.002776591100231315,0.0,0.00023558568136650138,0.03315801965072751,"tensor(0.0113, device='cuda:0')"
22,22,95.92967128753662,0.001,0.017439326175640448,0.015063334543733521,0.0023759916529607636,0.0,0.0006150005283416249,0.05234899744391441,"tensor(0.0094, device='cuda:0')"
23,23,100.05803394317627,0.001,0.01948132272809744,0.016912486869841814,0.0025688358801351,0.0,0.0007076390975271352,0.05429728841409087,"tensor(0.0529, device='cuda:0')"
24,24,104.21183896064758,0.001,0.016995740734067157,0.014709352284458512,0.002286388450434286,0.0,0.001199435762828216,0.07168109761551023,"tensor(0.0146, device='cuda:0')"
25,25,108.68957209587097,0.001,0.01869235959908007,0.016205585984420692,0.002486773611356815,0.0,0.00017655411193118198,0.029730150010436773,"tensor(0.0173, device='cuda:0')"
26,26,112.91046094894409,0.001,0.014906768568177173,0.012844332341923781,0.0020624362299687736,0.0,0.0002477684429322835,0.0334828922059387,"tensor(0.0306, device='cuda:0')"
27,27,117.0926730632782,0.001,0.01791487325062143,0.015396628720382003,0.002518244632206038,0.0,0.00029936286773590837,0.037254466442391276,"tensor(0.0158, device='cuda:0')"
28,28,121.09019160270691,0.001,0.01476883576813002,0.012815716022506673,0.0019531197790617902,0.0,4.80800638342771e-05,0.015959226991981268,"tensor(0.0167, device='cuda:0')"
29,29,125.14974451065063,0.001,0.014184079829814797,0.012325601642356908,0.0018584782035578808,0.0,0.00010463028911544825,0.023195751360617578,"tensor(0.0129, device='cuda:0')"
30,30,129.40530943870544,0.001,0.015077135063285101,0.01310502513186306,0.0019721098785810435,0.0,9.556745862937532e-05,0.020243356586433947,"tensor(0.0208, device='cuda:0')"
31,31,133.479008436203,0.001,0.011851471548252706,0.010254290693023421,0.0015971808702972261,0.0,0.0005964361189398915,0.05214234860613942,"tensor(0.0070, device='cuda:0')"
32,32,137.9640588760376,0.001,0.014072685347249111,0.012192463457703273,0.00188022189367404,0.0,0.0003407756175874965,0.0376633305568248,"tensor(0.0311, device='cuda:0')"
33,33,142.51133942604065,0.001,0.011472838854826722,0.009882807936387282,0.0015900308913997117,0.0,8.449688721157145e-05,0.021066935500130057,"tensor(0.0197, device='cuda:0')"
34,34,146.69745516777039,0.001,0.014092596614376661,0.01224366219298161,0.0018489344608193885,0.0,0.00044036251711077057,0.04246663465164602,"tensor(0.0381, device='cuda:0')"
35,35,150.67565202713013,0.001,0.01444247269884069,0.012541732623684385,0.0019007400444011923,0.0,7.356773994615651e-05,0.01918134663719684,"tensor(0.0130, device='cuda:0')"
36,36,155.0138680934906,0.001,0.009967244444877331,0.008551063631984887,0.0014161807943155315,0.0,1.620111459033069e-05,0.00975850794930011,"tensor(0.0121, device='cuda:0')"
37,37,158.90987873077393,0.001,0.009239575049529472,0.007895213475860391,0.001344361576765234,0.0,0.0007321112025238108,0.05333946575410664,"tensor(0.0455, device='cuda:0')"
38,38,162.81591796875,0.001,0.012327758152804054,0.010682793056711238,0.0016449650868043595,0.0,0.00013116278569214046,0.026872797054238617,"tensor(0.0162, device='cuda:0')"
39,39,166.47189021110535,0.001,0.011284858387967585,0.009806629478376596,0.0014782289669730087,0.0,0.00026292409438610775,0.032661950681358576,"tensor(0.0061, device='cuda:0')"
40,40,170.05336022377014,0.001,0.010953454777981477,0.009544615721303626,0.0014088390438804232,0.0,6.031232010172971e-05,0.01763562299311161,"tensor(0.0067, device='cuda:0')"
41,41,174.24697470664978,0.001,0.012144651719705855,0.010557637637454672,0.0015870140847281044,0.0,0.0001413118229720567,0.025190209387801588,"tensor(0.0066, device='cuda:0')"
42,42,177.99292159080505,0.001,0.01123383513103563,0.009813425334249722,0.00142040980153334,0.0,5.0359167744318256e-05,0.016149857197888196,"tensor(0.0087, device='cuda:0')"
43,43,182.06510543823242,0.001,0.00988718551576983,0.008500350939757224,0.0013868345714715831,0.0,0.00015630659254384227,0.02666095143649727,"tensor(0.0093, device='cuda:0')"
44,44,186.4100615978241,0.001,0.009522191083706017,0.008266261410536178,0.0012559296614044603,0.0,5.156905876901874e-05,0.0155197037383914,"tensor(0.0073, device='cuda:0')"
45,45,190.2777669429779,0.001,0.007508622274357587,0.006279917902821767,0.0012287043643114653,0.0,4.145536559008178e-05,0.014140823623165488,"tensor(0.0074, device='cuda:0')"
46,46,194.43788146972656,0.001,0.008367904452012574,0.007139018208369719,0.0012288862609813082,0.0,8.46293160066125e-05,0.01917452400084585,"tensor(0.0173, device='cuda:0')"
47,47,198.6334047317505,0.001,0.0077333056718005356,0.006558483294772764,0.0011748223908572518,0.0,0.00041422221693210304,0.041928819846361876,"tensor(0.0249, device='cuda:0')"
48,48,202.71734142303467,0.001,0.009044188380254604,0.007707014351303802,0.001337174031840545,0.0,9.217810338668642e-05,0.020453578210435808,"tensor(0.0071, device='cuda:0')"
49,49,206.56957125663757,0.0005,0.008802139702259648,0.007561864605477304,0.0012402751000849068,0.0,2.9458628773681994e-05,0.012190381006803364,"tensor(0.0114, device='cuda:0')"
50,50,210.48626255989075,0.0005,0.006789649937447187,0.005636252860822682,0.0011533970673360484,0.0,1.0264229899803468e-05,0.007584389531984925,"tensor(0.0107, device='cuda:0')"
51,51,215.11810851097107,0.0005,0.005297082106430902,0.004217274174926446,0.0010798079352198394,0.0,3.0894594829078414e-05,0.012692768825218081,"tensor(0.0150, device='cuda:0')"
52,52,219.30696487426758,0.0005,0.006280308599246943,0.005142029176684136,0.001138279409558968,0.0,0.0001067820535354258,0.020989444106817245,"tensor(0.0057, device='cuda:0')"
53,53,223.2524333000183,0.0005,0.006018470614448401,0.004937347987376101,0.0010811226361543468,0.0,1.828560357353126e-05,0.010949737799819559,"tensor(0.0098, device='cuda:0')"
54,54,226.93995451927185,0.0005,0.005469798569481635,0.004395302328948222,0.0010744962434231548,0.0,2.535850808271789e-05,0.010983185842633247,"tensor(0.0143, device='cuda:0')"
55,55,230.89071583747864,0.0005,0.005192471765549787,0.004113672429973141,0.0010787993364022874,0.0,4.374043692223495e-05,0.013277487189043313,"tensor(0.0106, device='cuda:0')"
56,56,235.28634762763977,0.0005,0.00576313242897497,0.0046496482793875835,0.0011134841621784058,0.0,1.789756333892001e-05,0.009612253808882087,"tensor(0.0125, device='cuda:0')"
57,57,239.98427271842957,0.0005,0.0051762696144217295,0.004113059196991066,0.0010632104027755427,0.0,4.106203300580091e-05,0.01584911235840991,"tensor(0.0146, device='cuda:0')"
58,58,245.04069137573242,0.0005,0.005585561405722026,0.004492385007427833,0.0010931763809557396,0.0,6.718168333463836e-05,0.017360848607495427,"tensor(0.0072, device='cuda:0')"
59,59,249.3345811367035,0.0005,0.0054863174644080885,0.0044083547595135395,0.0010779627098483925,0.0,1.743318136959715e-05,0.009734068298712373,"tensor(0.0109, device='cuda:0')"
60,60,253.44032955169678,0.0005,0.0052139694267447955,0.0041250731071113805,0.0010888963181885447,0.0,3.77654225758306e-05,0.013150729064363986,"tensor(0.0072, device='cuda:0')"
61,61,257.07490158081055,0.0005,0.0055213608623792725,0.004434916993325695,0.0010864438678151167,0.0,1.5694812020683457e-05,0.009847167122643441,"tensor(0.0097, device='cuda:0')"
62,62,260.5822672843933,0.0005,0.005274806969224456,0.004198270288447962,0.00107653666096112,0.0,9.040846407515346e-06,0.006890781311085448,"tensor(0.0105, device='cuda:0')"
63,63,264.5005602836609,0.0005,0.005086371074067363,0.004010582460810477,0.0010757886136697065,0.0,5.8134209666604875e-05,0.018330360995605588,"tensor(0.0086, device='cuda:0')"
64,64,268.49941539764404,0.0005,0.005758649705915797,0.004673705943232627,0.0010849437661921435,0.0,4.25379371336021e-05,0.014421180065255612,"tensor(0.0158, device='cuda:0')"
65,65,272.8356964588165,0.0005,0.00513978686236532,0.004066230727571016,0.0010735561504814748,0.0,1.0254952599098033e-05,0.007812814292265102,"tensor(0.0115, device='cuda:0')"
66,66,276.5314030647278,0.0005,0.005496510832920565,0.004428219018794649,0.0010682918190797592,0.0,9.596033123671077e-06,0.007073909946484491,"tensor(0.0103, device='cuda:0')"
67,67,280.52297806739807,0.0005,0.005948065654605838,0.004835449249965819,0.0011126164036079687,0.0,5.108173411372263e-06,0.005558710312470794,"tensor(0.0103, device='cuda:0')"
68,68,285.76331400871277,0.0005,0.0052092373750918936,0.004138845944585583,0.0010703914414460487,0.0,5.175841624804889e-05,0.015573718294035643,"tensor(0.0174, device='cuda:0')"
69,69,290.5870912075043,0.0005,0.005451918506981633,0.004373391560140125,0.0010785269423004848,0.0,8.708896814368927e-06,0.007263536972459406,"tensor(0.0106, device='cuda:0')"
70,70,295.29035329818726,0.0005,0.005287030114006277,0.004226317715084722,0.0010607123859177165,0.0,1.1704465237016848e-05,0.008055792306549847,"tensor(0.0127, device='cuda:0')"
71,71,299.823805809021,0.0005,0.005844486578440307,0.0047646981692073724,0.0010797883978803768,0.0,1.5861377619330597e-05,0.009539648715872318,"tensor(0.0127, device='cuda:0')"
72,72,304.98967814445496,0.0005,0.006240550927315832,0.005140809743526451,0.0010997411778034868,0.0,5.1873966185667086e-05,0.015430300205480307,"tensor(0.0142, device='cuda:0')"
73,73,309.37256717681885,0.0005,0.005452741725132503,0.00437924915640648,0.0010734925794593515,0.0,6.417730929797472e-06,0.00633710966212675,"tensor(0.0109, device='cuda:0')"
74,74,313.8222954273224,0.0005,0.005339680515322174,0.004264507398953833,0.001075173120909364,0.0,6.798287859055563e-05,0.017853886703960598,"tensor(0.0125, device='cuda:0')"
75,75,318.1244444847107,0.0005,0.004944822338165332,0.003893830671457323,0.0010509916555618616,0.0,1.1478552607968595e-05,0.007878897391492501,"tensor(0.0121, device='cuda:0')"
76,76,322.66298818588257,0.0005,0.004964161786442318,0.0038837673487670137,0.0010803944446932498,0.0,7.815985418346827e-05,0.018671872443519533,"tensor(0.0089, device='cuda:0')"
77,77,326.69989109039307,0.0005,0.005075816497708678,0.004010798824052756,0.0010650176653995158,0.0,5.2877009238727624e-05,0.014511236571706831,"tensor(0.0167, device='cuda:0')"
78,78,331.2645642757416,0.0005,0.004876798479520577,0.003816555629002181,0.0010602428331799435,0.0,1.7905449794852757e-05,0.009405486518517137,"tensor(0.0132, device='cuda:0')"
79,79,335.16375613212585,0.0005,0.005462706389552947,0.004399049759624486,0.0010636566414874286,0.0,3.056535911127867e-05,0.011738328845240176,"tensor(0.0086, device='cuda:0')"
80,80,338.76597833633423,0.0005,0.005417372341142267,0.004364991846249987,0.0010523805097538107,0.0,4.2682631601564935e-05,0.013792782148811966,"tensor(0.0066, device='cuda:0')"
81,81,343.0863127708435,0.0005,0.00463878562020019,0.0035828961189902316,0.0010558895024484194,0.0,2.0568989953062555e-05,0.010388582188170403,"tensor(0.0100, device='cuda:0')"
82,82,347.7578911781311,0.0005,0.004653823837730373,0.003610542677309866,0.0010432811554666635,0.0,3.063955637117033e-05,0.011378923489246517,"tensor(0.0139, device='cuda:0')"
83,83,352.1268560886383,0.0005,0.005524462295352673,0.004467800981200016,0.0010566613133270162,0.0,2.3152609855969786e-05,0.01003459474304691,"tensor(0.0084, device='cuda:0')"
84,84,356.169065952301,0.0005,0.0047011151662136015,0.0036483699280821474,0.0010527452236827437,0.0,1.335040650474184e-05,0.008023612084798515,"tensor(0.0091, device='cuda:0')"
85,85,360.4104759693146,0.0005,0.005306850938813378,0.004225858095835181,0.0010809928578397272,0.0,1.853236426541116e-05,0.009569124260451645,"tensor(0.0125, device='cuda:0')"
86,86,365.5255675315857,0.0005,0.004634961183678279,0.003584164610885559,0.0010507965775401536,0.0,1.145410379876921e-05,0.007445425202604383,"tensor(0.0095, device='cuda:0')"
87,87,369.9175078868866,0.0005,0.005470792411212275,0.004399834652365258,0.0010709577662777817,0.0,6.76470094731485e-05,0.0158071062178351,"tensor(0.0121, device='cuda:0')"
88,88,374.47151613235474,0.0005,0.005423638467670333,0.004364747321233153,0.001058891154693585,0.0,5.22056604950194e-05,0.014513021509628743,"tensor(0.0072, device='cuda:0')"
89,89,379.21768975257874,0.0005,0.0049634916106807,0.003903737804416488,0.0010597538017231892,0.0,2.1263160192575015e-05,0.010023022827226669,"tensor(0.0134, device='cuda:0')"
90,90,383.09256052970886,0.0005,0.004618715636881319,0.0035647305755724086,0.001053985063166602,0.0,5.939893662798568e-05,0.01634077960625291,"tensor(0.0065, device='cuda:0')"
91,91,387.0537700653076,0.0005,0.004766281131086937,0.003711566431381812,0.001054714697228203,0.0,2.7039989049626456e-05,0.011346959043294191,"tensor(0.0078, device='cuda:0')"
92,92,390.5918810367584,0.0005,0.0048679298546218065,0.003815087155399329,0.0010528426758981317,0.0,1.0067337541386223e-05,0.007073467917507514,"tensor(0.0094, device='cuda:0')"
93,93,394.1303424835205,0.0005,0.0044167410195904205,0.0033767080415000625,0.001040032970246773,0.0,5.65731420465454e-06,0.005826598760904744,"tensor(0.0107, device='cuda:0')"
94,94,397.76874589920044,0.0005,0.004917401985549335,0.003874739196897874,0.0010426627993847884,0.0,1.3682124404112983e-05,0.008299502253066748,"tensor(0.0086, device='cuda:0')"
95,95,402.12407422065735,0.0005,0.004879474600261831,0.0038180086656031034,0.00106146593919975,0.0,3.531269339873688e-05,0.01270624075550586,"tensor(0.0126, device='cuda:0')"
96,96,405.9172294139862,0.0005,0.005277757095305104,0.0042108186381928465,0.0010669384296597081,0.0,5.125057623445173e-05,0.014971214055549353,"tensor(0.0088, device='cuda:0')"
97,97,409.62762546539307,0.0005,0.004885508916637999,0.0038282253262619916,0.0010572835945042102,0.0,1.5003831947524304e-05,0.008119666366837919,"tensor(0.0134, device='cuda:0')"
98,98,413.6074433326721,0.0005,0.0048058175329938006,0.0037455716754924108,0.0010602458511026747,0.0,2.7594901325755927e-05,0.011524725588969886,"tensor(0.0097, device='cuda:0')"
99,99,417.4237952232361,0.00025,0.00455292665188247,0.003518297394790442,0.001034629263284332,0.0,1.0701205042096262e-05,0.007811231102095917,"tensor(0.0121, device='cuda:0')"
100,100,421.0161235332489,0.00025,0.004136270016154393,0.003101337934738514,0.0010349320869889533,0.0,1.2747271625812573e-05,0.00822284584864974,"tensor(0.0131, device='cuda:0')"
101,101,424.88329458236694,0.00025,0.0038599073127282,0.002841416754634351,0.0010184905696528177,0.0,7.397094663019743e-06,0.005895669688470662,"tensor(0.0120, device='cuda:0')"
102,102,428.9126772880554,0.00025,0.00389634911961695,0.0028708549117312785,0.001025494194881832,0.0,1.010770671427963e-05,0.00723251752788201,"tensor(0.0084, device='cuda:0')"
103,103,433.1834819316864,0.00025,0.003602521271107996,0.0025760918304139208,0.0010264294415197157,0.0,1.0775503994864266e-05,0.00690947740804404,"tensor(0.0085, device='cuda:0')"
104,104,437.26597118377686,0.00025,0.003657708948491313,0.0026398537109163425,0.0010178552272544633,0.0,3.21179263664817e-05,0.013062832644209266,"tensor(0.0070, device='cuda:0')"
105,105,441.4085726737976,0.00025,0.003829481078523165,0.002803608371400611,0.0010258727071225538,0.0,8.393304540277313e-06,0.006260340684093535,"tensor(0.0090, device='cuda:0')"
106,106,445.65704894065857,0.00025,0.0035338886065659583,0.0025110999824056496,0.001022788620444926,0.0,1.0900341692376969e-05,0.007956189569085836,"tensor(0.0085, device='cuda:0')"
107,107,450.09647035598755,0.00025,0.0034638869754494506,0.0024467879057538215,0.0010170990853828,0.0,5.52061609937482e-06,0.005697855929611251,"tensor(0.0094, device='cuda:0')"
108,108,454.1786620616913,0.00025,0.0036945453075467485,0.002661358153097437,0.0010331871581646937,0.0,4.554805769885206e-06,0.00489670125534758,"tensor(0.0093, device='cuda:0')"
109,109,458.78119921684265,0.00025,0.003491201429753333,0.0024616061709821224,0.0010295952467994224,0.0,1.470238328238338e-05,0.008244326920248568,"tensor(0.0081, device='cuda:0')"
110,110,463.2915325164795,0.00025,0.003687937917346333,0.0026666403637459197,0.0010212975486465696,0.0,1.0375222132097406e-05,0.006932288612006232,"tensor(0.0088, device='cuda:0')"
111,111,467.69173526763916,0.00025,0.0034327131451655788,0.0024068745477323203,0.0010258385986717192,0.0,5.031035840374898e-06,0.005519243131857365,"tensor(0.0107, device='cuda:0')"
112,112,472.52960300445557,0.00025,0.00343021351665734,0.0024206226498403763,0.0010095908771374706,0.0,7.062567306093115e-06,0.006046740716556087,"tensor(0.0118, device='cuda:0')"
113,113,476.64569306373596,0.00025,0.0036769936188183567,0.0026456258765005683,0.0010313677225024143,0.0,2.5250220573980187e-05,0.010721715574618429,"tensor(0.0078, device='cuda:0')"
114,114,480.88908529281616,0.00025,0.0038534595749955226,0.0028312105267698355,0.0010222490680410613,0.0,2.6130703531634936e-05,0.010495096445083618,"tensor(0.0071, device='cuda:0')"
115,115,484.8747751712799,0.00025,0.0035408873999398863,0.0025199360927527256,0.0010209513195717694,0.0,1.0418951944757282e-05,0.007652445317944512,"tensor(0.0123, device='cuda:0')"
116,116,489.72340273857117,0.00025,0.003818906729723862,0.0027950155302710463,0.0010238911907835897,0.0,1.602695658675657e-05,0.0086022968753241,"tensor(0.0077, device='cuda:0')"
117,117,493.41050934791565,0.00025,0.0036056062127364443,0.0025850656394457035,0.0010205405613189524,0.0,4.5719503134478146e-06,0.005186162103200331,"tensor(0.0116, device='cuda:0')"
118,118,497.1856095790863,0.00025,0.003582926518250759,0.002565677477548837,0.0010172490378121798,0.0,1.648846824764405e-05,0.008241627423558384,"tensor(0.0101, device='cuda:0')"
119,119,500.92253613471985,0.00025,0.0037596204948895577,0.0027350585375985146,0.001024561963896168,0.0,4.0248961710176445e-06,0.004771849577082321,"tensor(0.0102, device='cuda:0')"
120,120,504.91025495529175,0.00025,0.0033887861237088418,0.0023647170160494163,0.001024069098577379,0.0,6.193071101279202e-06,0.005574473936576396,"tensor(0.0120, device='cuda:0')"
121,121,509.03356862068176,0.00025,0.003535646479576826,0.0025167922243304183,0.001018854249466924,0.0,4.214373419131334e-06,0.004915472032735124,"tensor(0.0107, device='cuda:0')"
122,122,513.788373708725,0.00025,0.003487254806681939,0.002469153639675508,0.0010181011521449008,0.0,6.648978256862392e-06,0.006334507808787748,"tensor(0.0094, device='cuda:0')"
123,123,518.046308517456,0.00025,0.0038296857663819976,0.0028123071290063837,0.0010173786183858805,0.0,2.104988084283832e-05,0.009460555389523506,"tensor(0.0074, device='cuda:0')"
124,124,522.0785093307495,0.00025,0.0032877935582098176,0.0022658319303316744,0.0010219616192089168,0.0,6.180006579370456e-06,0.005466637114295736,"tensor(0.0088, device='cuda:0')"
125,125,526.5517845153809,0.00025,0.003424067870905319,0.002405950324841055,0.001018117548954006,0.0,4.711212511665508e-06,0.005278474680380896,"tensor(0.0102, device='cuda:0')"
126,126,530.5519349575043,0.00025,0.0034932206295668444,0.002471246037480309,0.0010219745747480833,0.0,8.500507192366058e-06,0.00670693811844103,"tensor(0.0088, device='cuda:0')"
127,127,534.8445689678192,0.00025,0.003484723283678082,0.002470043553898098,0.0010146797248261406,0.0,2.8214880785526475e-05,0.010805837286170572,"tensor(0.0137, device='cuda:0')"
128,128,539.0819556713104,0.00025,0.0038065049658588907,0.0027728500579490413,0.0010336549091483104,0.0,1.7457114836361143e-05,0.008705351152457297,"tensor(0.0077, device='cuda:0')"
129,129,543.3108820915222,0.00025,0.003245493519311467,0.0022247323348576612,0.0010207611667025333,0.0,6.676344241896004e-06,0.005831837770529091,"tensor(0.0121, device='cuda:0')"
130,130,547.3245759010315,0.00025,0.0037390169066687426,0.0027210159451826242,0.0010180009623117587,0.0,4.052090346817749e-06,0.004610729403793812,"tensor(0.0091, device='cuda:0')"
131,131,551.3786296844482,0.00025,0.0035660099056516346,0.0025443064415470716,0.0010217034707096875,0.0,1.008207857466914e-05,0.006604485883144662,"tensor(0.0086, device='cuda:0')"
132,132,555.5163605213165,0.00025,0.0033863094645215476,0.00235955965629257,0.0010267498090546182,0.0,4.947110312514269e-06,0.005230702139670029,"tensor(0.0115, device='cuda:0')"
133,133,559.9819905757904,0.00025,0.003234558484470802,0.002214745178749349,0.0010198133102624764,0.0,9.094616700622282e-06,0.0073105303454212844,"tensor(0.0087, device='cuda:0')"
134,134,564.786018371582,0.00025,0.003313034863693389,0.0022972994723443126,0.001015735372772163,0.0,3.4971990174881284e-06,0.0045054685906507075,"tensor(0.0108, device='cuda:0')"
135,135,568.5118696689606,0.00025,0.0035508678225364457,0.0025351617232638787,0.0010157061071161524,0.0,1.4124977212759404e-05,0.009048538922797889,"tensor(0.0133, device='cuda:0')"
136,136,572.596729516983,0.00025,0.003247904984267257,0.0022247444948921284,0.001023160483182824,0.0,2.814206183643364e-06,0.004136210787692107,"tensor(0.0102, device='cuda:0')"
137,137,577.1419892311096,0.00025,0.003463895150942477,0.0024351318447738356,0.001028763312773766,0.0,4.07318019313152e-06,0.004439029755303636,"tensor(0.0093, device='cuda:0')"
138,138,581.3829038143158,0.00025,0.0036292835023148473,0.0026123649424192965,0.0010169185442083799,0.0,2.430537506370456e-06,0.003736673534149304,"tensor(0.0109, device='cuda:0')"
139,139,585.409027338028,0.00025,0.0032874582787803938,0.002275342265381775,0.0010121160187652823,0.0,4.7214358801284106e-05,0.014402773638721555,"tensor(0.0063, device='cuda:0')"
140,140,589.6024167537689,0.00025,0.003276425128115724,0.0022661218672317077,0.0010103032666635007,0.0,3.058564558955368e-06,0.004300362546928227,"tensor(0.0104, device='cuda:0')"
141,141,593.8850514888763,0.00025,0.0033827049819528,0.002373303489013185,0.001009401502021661,0.0,2.3345925797002565e-05,0.010825451172422618,"tensor(0.0147, device='cuda:0')"
142,142,597.7555561065674,0.00025,0.0036040783879604747,0.0025857638093768386,0.001018314564547746,0.0,4.208783096260049e-06,0.004969165020156652,"tensor(0.0113, device='cuda:0')"
143,143,601.5342919826508,0.00025,0.0036331293625585367,0.0026260938335223296,0.0010070355244951837,0.0,5.788589447774939e-06,0.005436233303043991,"tensor(0.0117, device='cuda:0')"
144,144,605.8460643291473,0.00025,0.003008615078589489,0.0019914678707454643,0.0010171472132106886,0.0,5.893399503520413e-06,0.00602961442200467,"tensor(0.0112, device='cuda:0')"
145,145,610.0010297298431,0.00025,0.0032342227806621197,0.002216107140176315,0.001018115642549906,0.0,1.693499814336974e-05,0.008817337627988309,"tensor(0.0137, device='cuda:0')"
146,146,614.2200050354004,0.00025,0.0033948882648074034,0.002367251192662099,0.0010276370618247975,0.0,6.499373114365881e-06,0.005928893369855359,"tensor(0.0091, device='cuda:0')"
147,147,618.4709558486938,0.00025,0.0032625876314251135,0.0022392211760995343,0.0010233664540871185,0.0,2.25152398343198e-05,0.009911768429446965,"tensor(0.0073, device='cuda:0')"
148,148,622.5442836284637,0.00025,0.003281047663499489,0.002263640310344491,0.0010174073552190993,0.0,5.736042908210948e-06,0.005179157335078344,"tensor(0.0112, device='cuda:0')"
149,149,626.728330373764,0.000125,0.00356827653343426,0.0025459705259162167,0.0010223060151552186,0.0,1.0400491419204627e-05,0.0068294754892122,"tensor(0.0104, device='cuda:0')"
150,150,631.3408558368683,0.000125,0.002892280705041972,0.0018746570579985038,0.0010176236590152567,0.0,2.0942393774703305e-06,0.003417370084207505,"tensor(0.0109, device='cuda:0')"
151,151,635.9048190116882,0.000125,0.0027632206869939117,0.0017502247405416789,0.0010129959522317171,0.0,1.374540875076491e-05,0.00822416297160089,"tensor(0.0081, device='cuda:0')"
152,152,639.7785122394562,0.000125,0.0028693892411781963,0.0018501543140217187,0.0010192349222026343,0.0,4.25130889425418e-06,0.00440093400538899,"tensor(0.0094, device='cuda:0')"
153,153,643.8065903186798,0.000125,0.0027512952219694853,0.001739233722728644,0.0010120615000664818,0.0,4.703278335682626e-06,0.004813747626030818,"tensor(0.0092, device='cuda:0')"
154,154,647.631941318512,0.000125,0.0027287162432499917,0.001713178075968902,0.0010155381590246837,0.0,9.248540663975291e-06,0.006679474754491821,"tensor(0.0122, device='cuda:0')"
155,155,651.598087310791,0.000125,0.0027367401040813075,0.0017174515697332298,0.0010192885372378197,0.0,1.7793738749105614e-06,0.003216799523215741,"tensor(0.0100, device='cuda:0')"
156,156,655.7701318264008,0.000125,0.0027456449225861978,0.0017315120682292056,0.0010141328580723745,0.0,4.578612305294882e-06,0.00489657639991492,"tensor(0.0107, device='cuda:0')"
157,157,659.6214957237244,0.000125,0.002828208015445646,0.0018179014354864967,0.0010103065791335088,0.0,1.904695032806103e-06,0.003397354274056852,"tensor(0.0103, device='cuda:0')"
158,158,663.5163128376007,0.000125,0.002891805970790327,0.0018775774882643992,0.0010142284730310612,0.0,1.7495896429409186e-06,0.003241016296669841,"tensor(0.0105, device='cuda:0')"
159,159,667.3684515953064,0.000125,0.0026794522563127654,0.0016630137279788231,0.001016438520490357,0.0,3.736411073873569e-06,0.004491195984883234,"tensor(0.0093, device='cuda:0')"
160,160,671.6986575126648,0.000125,0.002805864976732232,0.0017929123987027622,0.0010129525887627973,0.0,2.392285296082264e-06,0.003773350777919404,"tensor(0.0098, device='cuda:0')"
161,161,676.2040960788727,0.000125,0.002818911585705817,0.0017974732455249267,0.0010214383356398672,0.0,2.053307788685288e-06,0.0034623128303792328,"tensor(0.0101, device='cuda:0')"
162,162,680.8443641662598,0.000125,0.002695406825076921,0.0016803168101361722,0.0010150899963638355,0.0,6.3913538497217814e-06,0.005992618214804679,"tensor(0.0093, device='cuda:0')"
163,163,685.0758011341095,0.000125,0.002780119715099956,0.0017629926883886364,0.0010171270139138907,0.0,3.5177527450969137e-06,0.0047155208012554795,"tensor(0.0096, device='cuda:0')"
164,164,689.7555313110352,0.000125,0.002834144848438495,0.0018278864787805642,0.001006258362639986,0.0,2.8209314564264787e-06,0.0041573053458705544,"tensor(0.0097, device='cuda:0')"
165,165,694.2577340602875,0.000125,0.0025294495000114255,0.0015106776928205492,0.0010187718183370241,0.0,4.693129284305542e-06,0.004798181762453169,"tensor(0.0115, device='cuda:0')"
166,166,698.3467438220978,0.000125,0.002680913545191288,0.001667500375720494,0.0010134131628656694,0.0,4.2614389599293645e-06,0.005043179466156289,"tensor(0.0108, device='cuda:0')"
167,167,702.6355264186859,0.000125,0.0025909903536861143,0.0015734190097349491,0.0010175713484921883,0.0,2.8255194877147005e-06,0.003834056871710345,"tensor(0.0095, device='cuda:0')"
168,168,706.6717691421509,0.000125,0.0027281626727075335,0.0017108929001706395,0.0010172697754266362,0.0,1.8686245297772075e-06,0.0032026778790168464,"tensor(0.0100, device='cuda:0')"
169,169,710.660694360733,0.000125,0.0026890345839189088,0.0016761158687122009,0.0010129187086015835,0.0,3.144433804891378e-06,0.0038900798972463235,"tensor(0.0112, device='cuda:0')"
170,170,715.1557514667511,0.000125,0.0026605734981411527,0.0016525695418298297,0.0010080039484677374,0.0,4.6566954097215785e-06,0.004807473946129903,"tensor(0.0089, device='cuda:0')"
171,171,719.3928043842316,0.000125,0.002780008529385565,0.0017713211412402861,0.0010086873885580992,0.0,1.9034438452081304e-06,0.0031319507834268734,"tensor(0.0100, device='cuda:0')"
172,172,723.7854900360107,0.000125,0.0027189809013263766,0.0017093503798179803,0.001009630521508396,0.0,2.331118949427946e-06,0.0034665859711822122,"tensor(0.0105, device='cuda:0')"
173,173,728.0505068302155,0.000125,0.0027118766472298416,0.0016989764069695792,0.001012900241498723,0.0,3.5657240999853457e-06,0.00447316505596973,"tensor(0.0113, device='cuda:0')"
174,174,731.6432135105133,0.000125,0.0027061648855104727,0.0016891002058091156,0.001017064687132122,0.0,4.704837039071208e-06,0.0050155990466009825,"tensor(0.0090, device='cuda:0')"
175,175,735.8903253078461,0.000125,0.00272489768116081,0.0017157670957571331,0.0010091305800370132,0.0,2.381541172269408e-06,0.003573600246454589,"tensor(0.0103, device='cuda:0')"
176,176,739.8489329814911,0.000125,0.0026204099536853583,0.0016058200907543407,0.0010145898658207597,0.0,6.047815674037338e-06,0.0054642777540721,"tensor(0.0087, device='cuda:0')"
177,177,744.411050081253,0.000125,0.002799007680815321,0.0017886872862379814,0.0010103203954029802,0.0,3.994556962538809e-06,0.004743615019833669,"tensor(0.0101, device='cuda:0')"
178,178,748.5010905265808,0.000125,0.0024645678023642575,0.0014500622852236455,0.0010145055187918933,0.0,3.0655110663246887e-06,0.004012989607872441,"tensor(0.0092, device='cuda:0')"
179,179,752.5618777275085,0.000125,0.0026429476206527745,0.0016300740279422425,0.001012873593948993,0.0,7.92414562056365e-06,0.00637729384470731,"tensor(0.0105, device='cuda:0')"
180,180,756.8155751228333,0.000125,0.002633736264918343,0.0016201864717468777,0.0010135497861535202,0.0,1.3921925869908591e-06,0.002825897536240518,"tensor(0.0106, device='cuda:0')"
181,181,761.588583946228,0.000125,0.0026378443783334066,0.0016250803605124937,0.001012764010802968,0.0,1.2391506231779204e-05,0.00807113671908155,"tensor(0.0078, device='cuda:0')"
182,182,765.7297463417053,0.000125,0.00265964580755945,0.001647204646579789,0.0010124411601540202,0.0,2.774049264075984e-06,0.003948398865759373,"tensor(0.0095, device='cuda:0')"
183,183,770.2680466175079,0.000125,0.002517229732099577,0.0015023649882373287,0.001014864739321225,0.0,3.7831319019687726e-06,0.004708081600256264,"tensor(0.0090, device='cuda:0')"
184,184,774.4613754749298,0.000125,0.0027262090370125066,0.0017147153019013398,0.0010114937318086042,0.0,1.5814918725709504e-06,0.0030529520445270464,"tensor(0.0101, device='cuda:0')"
185,185,778.5273652076721,0.000125,0.0026458652891509287,0.0016322739641941714,0.0010135913336259835,0.0,5.96690594534266e-06,0.005178142862860113,"tensor(0.0120, device='cuda:0')"
186,186,782.9959855079651,0.000125,0.002561836292907754,0.0015509260033178044,0.001010910287113028,0.0,7.882624061039678e-06,0.005713715450838208,"tensor(0.0089, device='cuda:0')"
187,187,787.0685379505157,0.000125,0.002671771255117042,0.0016545645301461432,0.0010172067262093597,0.0,3.125524102642885e-06,0.003992587284301408,"tensor(0.0093, device='cuda:0')"
188,188,791.2387564182281,0.000125,0.00271168785295218,0.0016993615307336581,0.001012326317677499,0.0,9.178301922929677e-06,0.006670406641205773,"tensor(0.0117, device='cuda:0')"
189,189,794.8652415275574,0.000125,0.002615030020217788,0.0016001882601251944,0.0010148417567900309,0.0,4.3162351630599005e-06,0.004634304699720815,"tensor(0.0114, device='cuda:0')"
190,190,798.3238310813904,0.000125,0.002752685600706766,0.001739389302311399,0.0010132963008722886,0.0,8.410261358449134e-06,0.006306349445367232,"tensor(0.0083, device='cuda:0')"
191,191,802.4934136867523,0.000125,0.0028085902610674816,0.0017985496781469184,0.001010040576728259,0.0,1.4530470551221697e-06,0.002871364922611974,"tensor(0.0105, device='cuda:0')"
192,192,806.7980723381042,0.000125,0.00250647995862053,0.0014918886632031055,0.001014591281794355,0.0,1.9996164368762948e-06,0.003399310662643984,"tensor(0.0096, device='cuda:0')"
193,193,810.9569811820984,0.000125,0.00250654518918022,0.001495583005190054,0.0010109621864670874,0.0,3.1314456521158718e-06,0.003935316315619275,"tensor(0.0109, device='cuda:0')"
194,194,814.8496205806732,0.000125,0.0025283092656007682,0.0015191075421790493,0.0010092017279627423,0.0,2.7269366285054275e-06,0.003935194152290933,"tensor(0.0098, device='cuda:0')"
195,195,819.5198469161987,0.000125,0.00267550553168758,0.0016607107901747556,0.0010147947472923086,0.0,3.22079937120634e-06,0.004211409323033877,"tensor(0.0092, device='cuda:0')"
196,196,823.9532160758972,0.000125,0.0025963340250193968,0.0015811798739055476,0.0010151541527651303,0.0,2.502745260812844e-06,0.003826303392997943,"tensor(0.0095, device='cuda:0')"
197,197,828.043615102768,0.000125,0.002654676846598427,0.0016365087230306727,0.001018168126044676,0.0,1.1470572587768402e-05,0.007103001611540094,"tensor(0.0082, device='cuda:0')"
198,198,832.120245218277,0.000125,0.0025331819940239506,0.0015225806252878978,0.001010601360066827,0.0,2.3194619416244677e-06,0.0034519035689299926,"tensor(0.0105, device='cuda:0')"
199,199,836.1860580444336,6.25e-05,0.002605186445896137,0.001592627585723547,0.0010125588585213092,0.0,5.414024002448059e-06,0.005292349553201348,"tensor(0.0087, device='cuda:0')"
200,200,841.1915953159332,6.25e-05,0.0023107666585013165,0.0012980338618661285,0.0010127327958095475,0.0,1.4771859397910703e-06,0.0029422753723338246,"tensor(0.0103, device='cuda:0')"
201,201,845.4068484306335,6.25e-05,0.002264214202378553,0.0012484463311546873,0.001015767879067451,0.0,2.3270289943866374e-06,0.0034746630408335477,"tensor(0.0094, device='cuda:0')"
202,202,849.4298901557922,6.25e-05,0.0023182674438250086,0.0013052379743011128,0.0010130294678726147,0.0,3.2476719127316755e-06,0.0040665502165211365,"tensor(0.0095, device='cuda:0')"
203,203,853.6294114589691,6.25e-05,0.0022507730181203457,0.001235990904367377,0.0010147821162298904,0.0,1.4061152029398727e-06,0.0028413067338988185,"tensor(0.0098, device='cuda:0')"
204,204,857.4032506942749,6.25e-05,0.002222254198599369,0.0012087122300236835,0.0010135419689885057,0.0,1.2017854409407391e-06,0.0027015804225811735,"tensor(0.0101, device='cuda:0')"
205,205,861.9718856811523,6.25e-05,0.0023366911386318028,0.001327008395769521,0.0010096827370827978,0.0,5.930150024369141e-06,0.005027221835916862,"tensor(0.0091, device='cuda:0')"
206,206,866.4259517192841,6.25e-05,0.0022717317077496375,0.0012581341694346926,0.0010135975403790462,0.0,1.7779124021899406e-06,0.003329294704599306,"tensor(0.0101, device='cuda:0')"
207,207,870.6770687103271,6.25e-05,0.002307628363152926,0.0012920005544227488,0.0010156278099686382,0.0,2.2578598191103083e-06,0.0035924645781051368,"tensor(0.0110, device='cuda:0')"
208,208,874.370626449585,6.25e-05,0.0023784678650636834,0.001370166276056478,0.00100830158157644,0.0,1.918339897599708e-06,0.0033712348813423887,"tensor(0.0110, device='cuda:0')"
209,209,878.7500555515289,6.25e-05,0.002258434948669945,0.0012428492599939728,0.0010155856886759718,0.0,2.316935194812686e-06,0.0037107871321495622,"tensor(0.0097, device='cuda:0')"
210,210,883.0214176177979,6.25e-05,0.0021957318919400373,0.0011812118323790636,0.001014520059973794,0.0,2.0634258675045203e-06,0.003299885691376403,"tensor(0.0098, device='cuda:0')"
211,211,887.2908802032471,6.25e-05,0.0022726812348734084,0.0012590804910089107,0.001013600738497834,0.0,2.4815650760956487e-06,0.003797250392381102,"tensor(0.0105, device='cuda:0')"
212,212,891.4043507575989,6.25e-05,0.002310268662651961,0.0012935553859021013,0.0010167132788139613,0.0,1.131846868673847e-06,0.0025635808560764417,"tensor(0.0102, device='cuda:0')"
213,213,896.2877230644226,6.25e-05,0.0023083978535686717,0.0012970483223643445,0.0010113495167556172,0.0,1.8758853315148372e-06,0.0031637694482924417,"tensor(0.0096, device='cuda:0')"
214,214,900.6919026374817,6.25e-05,0.0023337176857278386,0.0013200880295814986,0.0010136296495412154,0.0,1.6069736403778734e-06,0.0030023172876099125,"tensor(0.0101, device='cuda:0')"
215,215,904.9596786499023,6.25e-05,0.002331129585703214,0.0013189999273555445,0.0010121296496784433,0.0,2.2782501929441423e-06,0.0035749873059103265,"tensor(0.0095, device='cuda:0')"
216,216,908.801661491394,6.25e-05,0.0023216097128531295,0.001305854433060934,0.0010157552715357894,0.0,1.6715774293629693e-06,0.003044380937353708,"tensor(0.0109, device='cuda:0')"
217,217,912.6055307388306,6.25e-05,0.00218885334651151,0.0011767929210162438,0.0010120604300362897,0.0,3.2255939999004113e-06,0.003981573361670598,"tensor(0.0114, device='cuda:0')"
218,218,916.562252998352,6.25e-05,0.00236574579063301,0.0013523602685626887,0.0010133855117498136,0.0,2.8279660284624697e-06,0.003785940440138802,"tensor(0.0093, device='cuda:0')"
219,219,920.787623167038,6.25e-05,0.0022023075057114377,0.0011893392045955761,0.0010129683056568845,0.0,1.3433951977503966e-06,0.002822213282343,"tensor(0.0101, device='cuda:0')"
220,220,924.7532594203949,6.25e-05,0.002242374825060156,0.0012303195891287574,0.0010120552338672973,0.0,1.714625881277243e-06,0.0030813255143584684,"tensor(0.0103, device='cuda:0')"
221,221,928.7792060375214,6.25e-05,0.002305312424812281,0.0012897718834017026,0.0010155405430618595,0.0,2.74574904324254e-06,0.003718918946105987,"tensor(0.0092, device='cuda:0')"
222,222,932.5792224407196,6.25e-05,0.0023368088155324364,0.001323826561916408,0.0010129822375160372,0.0,3.408253093084568e-06,0.004285563540179282,"tensor(0.0091, device='cuda:0')"
223,223,937.1167457103729,6.25e-05,0.0022766007026261154,0.0012642328321094895,0.0010123678742320085,0.0,2.6991612855908897e-06,0.004025482339784503,"tensor(0.0101, device='cuda:0')"
224,224,941.1659927368164,6.25e-05,0.002280249378432566,0.0012688340944508817,0.0010114152815047625,0.0,1.5148499130646087e-06,0.0028360374126350507,"tensor(0.0104, device='cuda:0')"
225,225,945.141749382019,6.25e-05,0.0021803525717374174,0.0011634259061154692,0.001016926666447589,0.0,1.8871354470206825e-06,0.0033398667437722906,"tensor(0.0097, device='cuda:0')"
226,226,949.212480545044,6.25e-05,0.00228694784752232,0.0012714804248415356,0.0010154674189654014,0.0,4.9470933731754485e-06,0.004859042324824259,"tensor(0.0094, device='cuda:0')"
227,227,953.1158847808838,6.25e-05,0.0022792929423484185,0.0012651164338970226,0.0010141765109283175,0.0,3.192578844846139e-06,0.0039548332133563235,"tensor(0.0094, device='cuda:0')"
228,228,957.2713425159454,6.25e-05,0.0023330197940375787,0.0013223060027775454,0.0010107137867190101,0.0,3.1012222478921103e-06,0.004032819822896272,"tensor(0.0092, device='cuda:0')"
229,229,961.1273407936096,6.25e-05,0.002222382927524811,0.0012107062044533644,0.0010116767226586263,0.0,2.463804364083444e-06,0.0036517099651973695,"tensor(0.0112, device='cuda:0')"
230,230,964.9596726894379,6.25e-05,0.002248058838650901,0.0012310763811923776,0.0010169824578713442,0.0,1.7976840922528936e-06,0.003340428796946071,"tensor(0.0100, device='cuda:0')"
231,231,969.8098132610321,6.25e-05,0.002311804234413496,0.001299384867455414,0.00101241936406834,0.0,3.384694736041638e-06,0.004279307933757082,"tensor(0.0101, device='cuda:0')"
232,232,974.2666883468628,6.25e-05,0.002214829542291027,0.001199242862846359,0.0010155866843985116,0.0,1.5081003041927943e-06,0.0028286912565818056,"tensor(0.0097, device='cuda:0')"
233,233,978.1240313053131,6.25e-05,0.002226119713217073,0.0012139580373533387,0.0010121616762765544,0.0,3.870924174975698e-06,0.004253465303918347,"tensor(0.0114, device='cuda:0')"
234,234,982.4043943881989,6.25e-05,0.0022733613430912084,0.001261827080999336,0.0010115342653944349,0.0,2.9896464326384375e-06,0.003951343082007952,"tensor(0.0112, device='cuda:0')"
235,235,986.788857460022,6.25e-05,0.0023002028828552853,0.0012861279215901455,0.0010140749596138584,0.0,4.7343462483695475e-06,0.004687223001383245,"tensor(0.0091, device='cuda:0')"
236,236,990.858381986618,6.25e-05,0.0022197028527908185,0.0012059982912284684,0.001013704560323889,0.0,2.0699714085026244e-06,0.0034174191969214007,"tensor(0.0096, device='cuda:0')"
237,237,994.9526114463806,6.25e-05,0.0021940490490169073,0.0011790551262551008,0.0010149939182207833,0.0,1.0723213073049465e-06,0.0024408814206253737,"tensor(0.0101, device='cuda:0')"
238,238,999.0734059810638,6.25e-05,0.0022783667024172155,0.0012676231612629713,0.0010107435469337283,0.0,4.560389498919903e-06,0.004823215305805206,"tensor(0.0088, device='cuda:0')"
239,239,1003.0239307880402,6.25e-05,0.0022542692022398114,0.0012391157368204643,0.0010151534645937066,0.0,1.6955393817852382e-06,0.0030882435239618644,"tensor(0.0099, device='cuda:0')"
240,240,1007.2114613056183,6.25e-05,0.002230785035772632,0.001214654447431577,0.0010161305862769537,0.0,2.4905539532937837e-06,0.0036678603501059115,"tensor(0.0094, device='cuda:0')"
241,241,1011.0743765830994,6.25e-05,0.002184444767627733,0.0011742037427050214,0.0010102410236842508,0.0,1.8342991268127662e-06,0.003177110498654656,"tensor(0.0102, device='cuda:0')"
242,242,1014.7677545547485,6.25e-05,0.0021883862510865145,0.0011755220099940156,0.001012864239854038,0.0,2.80345810210747e-06,0.0037099844485055655,"tensor(0.0094, device='cuda:0')"
243,243,1018.5928437709808,6.25e-05,0.0022097105855544935,0.0011950161069440028,0.0010146944753079284,0.0,3.4637176895557786e-06,0.004162378652836196,"tensor(0.0097, device='cuda:0')"
244,244,1022.7719960212708,6.25e-05,0.002238284914542967,0.0012296854129477226,0.0010085994937516591,0.0,3.57211233392718e-06,0.004113915201742202,"tensor(0.0091, device='cuda:0')"
245,245,1027.2768125534058,6.25e-05,0.0022224255165428663,0.0012047852683442493,0.0010176402506755387,0.0,2.0582036768246326e-06,0.003341664414620027,"tensor(0.0097, device='cuda:0')"
246,246,1032.122930765152,6.25e-05,0.002239281004492907,0.0012264058690729504,0.0010128751312917534,0.0,1.232371801052068e-06,0.002649601854500361,"tensor(0.0100, device='cuda:0')"
247,247,1036.5719301700592,6.25e-05,0.0022256335116434076,0.0012101706324627371,0.0010154628767037486,0.0,2.0860777141251674e-06,0.003397593303816393,"tensor(0.0096, device='cuda:0')"
248,248,1041.2444450855255,6.25e-05,0.0022594000663647943,0.0012462972638573736,0.0010131028074612642,0.0,1.6925087464869648e-06,0.0031579918577335775,"tensor(0.0106, device='cuda:0')"
249,249,1045.3633642196655,3.125e-05,0.0022010426210398054,0.001189222040830563,0.001011820578557961,0.0,2.5614553464947676e-06,0.003766721099964343,"tensor(0.0094, device='cuda:0')"
250,250,1050.0959134101868,3.125e-05,0.0020177404714933206,0.0010018541125897714,0.0010158863593163695,0.0,1.9529635153503477e-06,0.0031794649839866906,"tensor(0.0096, device='cuda:0')"
251,251,1054.517101764679,3.125e-05,0.0020325054515298482,0.0010186578799369383,0.0010138475703544492,0.0,2.0287183062350778e-06,0.003451868411502801,"tensor(0.0097, device='cuda:0')"
252,252,1058.687430381775,3.125e-05,0.002008593472790845,0.00099271318069428,0.001015880294986307,0.0,1.860481496862576e-06,0.003257349773775786,"tensor(0.0100, device='cuda:0')"
253,253,1062.828929901123,3.125e-05,0.00204037501499823,0.0010280023640226441,0.0010123726563422497,0.0,2.7920221441490867e-06,0.0038459550705738366,"tensor(0.0093, device='cuda:0')"
254,254,1067.1526877880096,3.125e-05,0.002035161895604791,0.0010198003415130606,0.001015361556568652,0.0,1.1227286869086583e-06,0.0025454453425481915,"tensor(0.0101, device='cuda:0')"
255,255,1071.641759634018,3.125e-05,0.002036133837219037,0.0010172149945869514,0.0010189188389167032,0.0,1.0944453130434795e-06,0.002549493670812808,"tensor(0.0104, device='cuda:0')"
256,256,1075.7600712776184,3.125e-05,0.0020333135951350026,0.0010178643002188004,0.0010154492945033818,0.0,1.020352296876581e-06,0.002443877427140251,"tensor(0.0101, device='cuda:0')"
257,257,1079.740118265152,3.125e-05,0.002019600001500642,0.0010036959709989316,0.0010159040387581163,0.0,1.1348986639347913e-06,0.002545941199059598,"tensor(0.0100, device='cuda:0')"
258,258,1083.5743396282196,3.125e-05,0.002080451091090944,0.001068603945070389,0.0010118471410667114,0.0,1.2615864832810075e-06,0.0026390055136289448,"tensor(0.0102, device='cuda:0')"
259,259,1087.3385407924652,3.125e-05,0.0020626972838972053,0.001048040456148459,0.0010146568166025988,0.0,2.451326110985974e-06,0.0034891749237431213,"tensor(0.0093, device='cuda:0')"
260,260,1091.267618894577,3.125e-05,0.0020926684250143616,0.0010810513131928148,0.0010116171151241088,0.0,3.366466998500073e-06,0.004058303951751441,"tensor(0.0091, device='cuda:0')"
261,261,1095.1585946083069,3.125e-05,0.0020710640415179393,0.0010557925619237812,0.0010152714824839,0.0,1.0901207758706732e-06,0.002446501064696349,"tensor(0.0104, device='cuda:0')"
262,262,1098.9970481395721,3.125e-05,0.002030345513023013,0.0010143268889754166,0.0010160186261116983,0.0,1.3280169284257681e-06,0.0027258771588094532,"tensor(0.0101, device='cuda:0')"
263,263,1103.1124057769775,3.125e-05,0.0020818627094321535,0.0010693499914218559,0.0010125127105795322,0.0,1.5236636201620968e-06,0.002876163722248748,"tensor(0.0106, device='cuda:0')"
264,264,1107.1349914073944,3.125e-05,0.0020735064754262567,0.0010595756734833649,0.0010139307974018684,0.0,1.923354197685967e-06,0.00321240107587073,"tensor(0.0095, device='cuda:0')"
265,265,1111.0987119674683,3.125e-05,0.002027514332852571,0.0010120476965944395,0.0010154666321299283,0.0,1.26585370097132e-06,0.002735500645940192,"tensor(0.0106, device='cuda:0')"
266,266,1114.9118130207062,3.125e-05,0.002021185066286765,0.0010053808990773475,0.001015804163494035,0.0,1.553022727307507e-06,0.0029930969467386603,"tensor(0.0106, device='cuda:0')"
267,267,1118.97820186615,3.125e-05,0.001979468375484043,0.000963643136275734,0.001015825237969848,0.0,1.1708583400604766e-06,0.002585196023574099,"tensor(0.0102, device='cuda:0')"
268,268,1123.3307099342346,3.125e-05,0.001988440993942109,0.0009752119608976423,0.001013229039236771,0.0,1.215539288779155e-06,0.002648334368132055,"tensor(0.0102, device='cuda:0')"
269,269,1127.6978631019592,3.125e-05,0.001996561070798454,0.000981535337756368,0.0010150257227215785,0.0,1.016863951264213e-06,0.002337868747417815,"tensor(0.0103, device='cuda:0')"
270,270,1132.0343821048737,3.125e-05,0.0020634550559961943,0.001050604058178604,0.001012851004422715,0.0,2.3711031644779723e-06,0.0034896121214842424,"tensor(0.0097, device='cuda:0')"
271,271,1135.8690237998962,3.125e-05,0.0021117985362504076,0.001096405262698862,0.0010153932694233426,0.0,2.150184080562667e-06,0.003374361927853897,"tensor(0.0094, device='cuda:0')"
272,272,1139.7989888191223,3.125e-05,0.002121515747932519,0.0011095381552412948,0.0010119775943425054,0.0,1.8044335519107335e-06,0.0031726748566143215,"tensor(0.0096, device='cuda:0')"
273,273,1144.2190520763397,3.125e-05,0.0020224302156716055,0.0010059342594942778,0.0010164959532875859,0.0,1.6122883366165297e-06,0.0031364977767225355,"tensor(0.0101, device='cuda:0')"
274,274,1148.3625631332397,3.125e-05,0.0020063073359469466,0.0009903526973930445,0.001015954636902621,0.0,1.8298510227054976e-06,0.0030785369308432564,"tensor(0.0098, device='cuda:0')"
275,275,1152.6713683605194,3.125e-05,0.0020306150714622427,0.0010161105628415995,0.0010145045007770577,0.0,1.2945006773179557e-06,0.002713655529078096,"tensor(0.0102, device='cuda:0')"
276,276,1156.9144546985626,3.125e-05,0.0020077074960481826,0.0009935978215504834,0.0010141096654156527,0.0,1.5844894249994468e-06,0.002841991023160517,"tensor(0.0098, device='cuda:0')"
277,277,1161.229531288147,3.125e-05,0.0020797019469360194,0.0010638739022010184,0.001015828042258079,0.0,2.811538479363662e-06,0.003801442333497107,"tensor(0.0094, device='cuda:0')"
278,278,1165.7467305660248,3.125e-05,0.0020292907720431685,0.001016854581006981,0.0010124361811285007,0.0,1.897003748752013e-06,0.0031608657591277733,"tensor(0.0096, device='cuda:0')"
279,279,1169.713580608368,3.125e-05,0.0020761105738884063,0.0010632451818529385,0.0010128653874944447,0.0,1.6705522156712505e-06,0.0030523818859364837,"tensor(0.0096, device='cuda:0')"
280,280,1173.477243900299,3.125e-05,0.002008718653113073,0.000992864412453739,0.0010158542357054901,0.0,1.4429909924729145e-06,0.0027929676143685356,"tensor(0.0098, device='cuda:0')"
281,281,1177.4116113185883,3.125e-05,0.002015960004827972,0.0009994681186458849,0.0010164918907231103,0.0,1.0956135376716247e-06,0.0023799670816515572,"tensor(0.0101, device='cuda:0')"
282,282,1181.601705789566,3.125e-05,0.00199352200423757,0.000979840033439959,0.0010136819670822288,0.0,1.3118052528682256e-06,0.0027970859373454005,"tensor(0.0098, device='cuda:0')"
283,283,1185.2947914600372,3.125e-05,0.0020250895775603592,0.0010086809539282364,0.001016408622393662,0.0,1.1996599198482727e-06,0.0026246249326504767,"tensor(0.0104, device='cuda:0')"
284,284,1189.352633714676,3.125e-05,0.0019958407637920787,0.0009791294388565505,0.0010167113303021919,0.0,1.0837042694333832e-06,0.002420530639938079,"tensor(0.0099, device='cuda:0')"
285,285,1193.7340197563171,3.125e-05,0.0019832968180140496,0.000970505378605362,0.001012791441472789,0.0,1.6621328100541177e-06,0.003038700975594111,"tensor(0.0095, device='cuda:0')"
286,286,1198.0665938854218,3.125e-05,0.0019371442650345729,0.0009230511933433038,0.0010140930807733155,0.0,1.2737436207999053e-06,0.002592491189716384,"tensor(0.0101, device='cuda:0')"
287,287,1202.0177700519562,3.125e-05,0.0020567679733156843,0.0010428610810983582,0.0010139068827224591,0.0,1.2138056071364645e-06,0.00270477106096223,"tensor(0.0105, device='cuda:0')"
288,288,1205.971076965332,3.125e-05,0.002067396541931898,0.0010528490644985322,0.0010145474712410611,0.0,1.3216592620324263e-06,0.0026465124974492937,"tensor(0.0097, device='cuda:0')"
289,289,1209.7442717552185,3.125e-05,0.0020874399396240816,0.0010740037884477342,0.0010134361511763476,0.0,2.8083904339837318e-06,0.003805908461799845,"tensor(0.0092, device='cuda:0')"
290,290,1214.0851032733917,3.125e-05,0.002027770482063135,0.0010153032696462428,0.0010124672091143298,0.0,3.291338302346958e-06,0.0039547102933283895,"tensor(0.0091, device='cuda:0')"
291,291,1218.2860007286072,3.125e-05,0.0020357124632924585,0.001021265246697325,0.0010144472190720551,0.0,1.2608570685301856e-06,0.002612968470202759,"tensor(0.0106, device='cuda:0')"
292,292,1222.5048928260803,3.125e-05,0.001976587738617198,0.0009623140052079837,0.001014273733409214,0.0,1.1955822927234294e-06,0.002621313789859414,"tensor(0.0102, device='cuda:0')"
293,293,1226.1925806999207,3.125e-05,0.0020019150758492396,0.0009851477274849536,0.001016767340933521,0.0,1.0492982553955699e-06,0.002449017709295731,"tensor(0.0103, device='cuda:0')"
294,294,1230.3178052902222,3.125e-05,0.002042603372688676,0.001029243279935409,0.0010133600939917279,0.0,1.1208256012196216e-06,0.0024937512789620087,"tensor(0.0102, device='cuda:0')"
295,295,1234.7193098068237,3.125e-05,0.0019657902059587815,0.0009507233163850474,0.0010150668899865543,0.0,1.2672788898271392e-06,0.0026975731452694163,"tensor(0.0102, device='cuda:0')"
296,296,1239.2424755096436,3.125e-05,0.0019678369730856296,0.0009539229906798201,0.001013913980341708,0.0,1.5059841445008715e-06,0.002963406906928867,"tensor(0.0101, device='cuda:0')"
297,297,1243.4906811714172,3.125e-05,0.0019379030856970989,0.000923810380177427,0.0010140927046940313,0.0,1.0946043040860332e-06,0.002556653620558791,"tensor(0.0099, device='cuda:0')"
298,298,1248.0711765289307,3.125e-05,0.0019909027990297223,0.0009786559083888717,0.001012246885274187,0.0,1.100642336382407e-06,0.0026062921824632213,"tensor(0.0100, device='cuda:0')"
299,299,1251.95671749115,1.5625e-05,0.001964004765634577,0.0009501791903451877,0.0010138255798304123,0.0,1.0374240773103338e-06,0.0024342258329852484,"tensor(0.0100, device='cuda:0')"
300,300,1256.3665506839752,1.5625e-05,0.0018838601424656016,0.0008672215217882965,0.0010166386268696094,0.0,1.3306354063047365e-06,0.0027548861544346437,"tensor(0.0098, device='cuda:0')"
301,301,1261.1963472366333,1.5625e-05,0.0019283674612760226,0.0009136331508741945,0.0010147343128787498,0.0,1.343307282297701e-06,0.002652833325555548,"tensor(0.0098, device='cuda:0')"
302,302,1265.503092288971,1.5625e-05,0.0018909049141121671,0.0008728459893547475,0.0010180589326010052,0.0,1.4853832155381497e-06,0.0028313793591223657,"tensor(0.0097, device='cuda:0')"
303,303,1269.65589261055,1.5625e-05,0.0019042816199692535,0.0008881778216009285,0.0010161038053862698,0.0,9.673385221731223e-07,0.002323028413229622,"tensor(0.0103, device='cuda:0')"
304,304,1273.6743304729462,1.5625e-05,0.0018907661074178015,0.0008734084970436673,0.0010173576050074705,0.0,9.543905399311825e-07,0.0023294835846172646,"tensor(0.0101, device='cuda:0')"
305,305,1277.164052248001,1.5625e-05,0.001891994225488751,0.0008734167885391953,0.001018577435711095,0.0,1.0145682409756773e-06,0.0024279540812131017,"tensor(0.0099, device='cuda:0')"
306,306,1281.071736574173,1.5625e-05,0.0018930591598272006,0.0008777832234251901,0.0010152759434199556,0.0,1.1028399242718478e-06,0.002481961390003562,"tensor(0.0099, device='cuda:0')"
307,307,1284.7811133861542,1.5625e-05,0.0019443076044479584,0.0009299763255415761,0.0010143312793192024,0.0,1.0317673151405415e-06,0.002413527727185283,"tensor(0.0103, device='cuda:0')"
308,308,1288.4233582019806,1.5625e-05,0.0019302317676141013,0.0009153650141426804,0.0010148667501688586,0.0,1.7650536321411892e-06,0.0031210298620862886,"tensor(0.0096, device='cuda:0')"
309,309,1292.3003396987915,1.5625e-05,0.001954633910175915,0.0009396042986872031,0.0010150296127271726,0.0,1.5755050384314018e-06,0.002920898754382506,"tensor(0.0099, device='cuda:0')"
310,310,1296.2789888381958,1.5625e-05,0.0019390016103969186,0.0009246580195382026,0.0010143435904458958,0.0,1.821796089984673e-06,0.0032735613640397787,"tensor(0.0101, device='cuda:0')"
311,311,1300.2812778949738,1.5625e-05,0.0019180924914024295,0.000902986475547234,0.0010151060212218593,0.0,1.337433438663993e-06,0.002690094377612695,"tensor(0.0097, device='cuda:0')"
312,312,1304.3534998893738,1.5625e-05,0.0019206015280850814,0.0009044020301299104,0.0010161995004320926,0.0,8.203871217915548e-07,0.002083588784444146,"tensor(0.0102, device='cuda:0')"
313,313,1308.525538444519,1.5625e-05,0.0019138798403309275,0.0008978111696667336,0.0010160686640590694,0.0,1.4074406422537322e-06,0.002803607058012858,"tensor(0.0098, device='cuda:0')"
314,314,1312.9418544769287,1.5625e-05,0.0019210227096374047,0.0009078776388732941,0.0010131450744794933,0.0,1.1454530230992077e-06,0.002460034709656611,"tensor(0.0101, device='cuda:0')"
315,315,1316.984563112259,1.5625e-05,0.0018702198492019629,0.0008527993906540334,0.0010174204577222889,0.0,1.764019351924162e-06,0.0031211498280754313,"tensor(0.0096, device='cuda:0')"
316,316,1320.9521560668945,1.5625e-05,0.0019177343483340549,0.0009010530849720569,0.0010166812625363574,0.0,1.9392220735880983e-06,0.00325053276901599,"tensor(0.0096, device='cuda:0')"
317,317,1324.79354596138,1.5625e-05,0.0019117984937252939,0.0008962622885790436,0.001015536203082149,0.0,1.0662698812780036e-06,0.002424192978651263,"tensor(0.0100, device='cuda:0')"
318,318,1328.7333688735962,1.5625e-05,0.0019086277160251922,0.0008914916332751671,0.001017136081098744,0.0,1.5550316447843215e-06,0.0029094298370182514,"tensor(0.0097, device='cuda:0')"
319,319,1333.1063005924225,1.5625e-05,0.0019189046236772274,0.0009035101632673478,0.0010153944571073175,0.0,8.708598286943925e-07,0.002262733440147713,"tensor(0.0102, device='cuda:0')"
320,320,1336.9044227600098,1.5625e-05,0.0018984347867535044,0.0008821805583227241,0.0010162542317333427,0.0,1.052777651722181e-06,0.00239889656950254,"tensor(0.0099, device='cuda:0')"
321,321,1340.9943237304688,1.5625e-05,0.0019016544952169588,0.0008866337131286132,0.001015020776721682,0.0,1.086076551359838e-06,0.002527219199691899,"tensor(0.0099, device='cuda:0')"
322,322,1344.7396342754364,1.5625e-05,0.00194199917365711,0.0009267413679094232,0.00101525779625282,0.0,1.1437634270805574e-06,0.002540037952712737,"tensor(0.0099, device='cuda:0')"
323,323,1348.6509721279144,1.5625e-05,0.0018790358477701425,0.0008633857962827311,0.0010156500519002318,0.0,1.4495273248371632e-06,0.002861874003428966,"tensor(0.0096, device='cuda:0')"
324,324,1352.5325977802277,1.5625e-05,0.0018766936045206079,0.000861034378927888,0.0010156592189875953,0.0,8.346626501065657e-07,0.0022231806797208264,"tensor(0.0101, device='cuda:0')"
325,325,1356.461760044098,1.5625e-05,0.0019531515567292666,0.0009379585567491908,0.0010151929937877713,0.0,9.109030436604826e-07,0.0022496706806123257,"tensor(0.0101, device='cuda:0')"
326,326,1360.5611112117767,1.5625e-05,0.001903488882817328,0.0008858909449830704,0.0010175979332932344,0.0,1.403280855072353e-06,0.0027678928745444864,"tensor(0.0098, device='cuda:0')"
327,327,1364.9651594161987,1.5625e-05,0.001872355301686107,0.0008569327112888349,0.0010154225883331704,0.0,1.4727198092145954e-06,0.0028332391812000424,"tensor(0.0097, device='cuda:0')"
328,328,1369.588392496109,1.5625e-05,0.0018920543734050283,0.0008779434567310762,0.0010141109154354912,0.0,9.186898175528313e-07,0.002270866505568847,"tensor(0.0104, device='cuda:0')"
329,329,1373.8991260528564,1.5625e-05,0.0019337319205878368,0.0009187656939392975,0.00101496621343829,0.0,8.475531529938962e-07,0.002125744540535379,"tensor(0.0102, device='cuda:0')"
330,330,1378.0116486549377,1.5625e-05,0.0018671520982360375,0.0008526594301269568,0.001014492671411643,0.0,9.455036895644753e-07,0.002326906833332032,"tensor(0.0103, device='cuda:0')"
331,331,1381.915104150772,1.5625e-05,0.0019156854849057734,0.0008990252464811535,0.0010166602417271823,0.0,1.4274107584810736e-06,0.0027720428770408034,"tensor(0.0097, device='cuda:0')"
332,332,1385.7813396453857,1.5625e-05,0.0019025867284731344,0.0008860441103927685,0.001016542618080366,0.0,9.509647966865487e-07,0.0022725467060809024,"tensor(0.0100, device='cuda:0')"
333,333,1389.4264538288116,1.5625e-05,0.0018919782757640202,0.0008775235545088319,0.0010144547171269853,0.0,8.693104263102214e-07,0.0021949042202322744,"tensor(0.0103, device='cuda:0')"
334,334,1393.1603820323944,1.5625e-05,0.0019340914441272616,0.0009188871886019747,0.0010152042505714434,0.0,1.1414414515797944e-06,0.002545830066082999,"tensor(0.0100, device='cuda:0')"
335,335,1396.7545194625854,1.5625e-05,0.0018642811560408866,0.0008482231171504455,0.0010160580343494179,0.0,9.607217670293267e-07,0.0023137913740356453,"tensor(0.0100, device='cuda:0')"
336,336,1400.8346781730652,1.5625e-05,0.001902809447496601,0.0008889230266246442,0.0010138864150924726,0.0,1.1001758686290941e-06,0.0023807193647371605,"tensor(0.0100, device='cuda:0')"
337,337,1405.024981021881,1.5625e-05,0.001913639474065697,0.0008974127836380128,0.0010162266982712696,0.0,1.1642086192864554e-06,0.0025528655824018642,"tensor(0.0101, device='cuda:0')"
338,338,1408.8971853256226,1.5625e-05,0.0019274207619712391,0.0009116126725562445,0.0010158080918919164,0.0,1.2770460458000343e-06,0.002741221265750937,"tensor(0.0098, device='cuda:0')"
339,339,1412.777319908142,1.5625e-05,0.0018773445783592496,0.0008629212376384184,0.0010144233415464719,0.0,1.2961129272071048e-06,0.0026744513597805053,"tensor(0.0100, device='cuda:0')"
340,340,1416.6538054943085,1.5625e-05,0.0018900451200835882,0.0008734164463111748,0.001016628677487796,0.0,1.174596235387071e-06,0.0025284226867370307,"tensor(0.0099, device='cuda:0')"
341,341,1421.0590209960938,1.5625e-05,0.0018987833978013789,0.0008823715500427899,0.0010164118498226906,0.0,1.2566981411055167e-06,0.0026004867831943557,"tensor(0.0098, device='cuda:0')"
342,342,1425.1892747879028,1.5625e-05,0.001869674226275731,0.0008535683662828772,0.0010161058579287526,0.0,1.254228202185459e-06,0.0026324357168050483,"tensor(0.0099, device='cuda:0')"
343,343,1429.872550725937,1.5625e-05,0.0018718686451844819,0.0008559391713298276,0.0010159294701392715,0.0,1.0663271474697922e-06,0.0024026268656598404,"tensor(0.0101, device='cuda:0')"
344,344,1434.1603066921234,1.5625e-05,0.0019082629637039723,0.0008919938316350763,0.001016269134958638,0.0,1.1156237640363997e-06,0.002558136126026511,"tensor(0.0099, device='cuda:0')"
345,345,1438.830221414566,1.5625e-05,0.001901955685598102,0.0008859206994183044,0.0010160349808131337,0.0,1.0911873644658954e-06,0.0024692839215276763,"tensor(0.0100, device='cuda:0')"
346,346,1443.1212933063507,1.5625e-05,0.001893312566259757,0.00087736171946022,0.0010159508389559514,0.0,1.2657570280794062e-06,0.00264571349543985,"tensor(0.0098, device='cuda:0')"
347,347,1447.3851244449615,1.5625e-05,0.001886660920898595,0.0008714661874861212,0.001015194736302216,0.0,1.4567023427503045e-06,0.0028626943530980498,"tensor(0.0097, device='cuda:0')"
348,348,1451.8044173717499,1.5625e-05,0.0018777332205906615,0.0008630431137470437,0.0010146900985872121,0.0,1.3724725462793685e-06,0.0027039025590056553,"tensor(0.0097, device='cuda:0')"
349,349,1456.0822043418884,7.8125e-06,0.0018970540581033269,0.0008799647305537253,0.0010170893258983204,0.0,2.446748467832549e-06,0.003509951420710422,"tensor(0.0094, device='cuda:0')"
350,350,1460.3721344470978,7.8125e-06,0.0018308913039624796,0.0008166634596567205,0.0010142278451313997,0.0,8.778975910672671e-07,0.002292666249559261,"tensor(0.0102, device='cuda:0')"
351,351,1464.7795886993408,7.8125e-06,0.0018519711208443905,0.0008347849683598318,0.0010171861483563556,0.0,1.1713949099600995e-06,0.0025545695098116994,"tensor(0.0098, device='cuda:0')"
352,352,1468.5839755535126,7.8125e-06,0.001849542830159214,0.0008327179383618612,0.0010168248942742746,0.0,1.1270611359748273e-06,0.0024775063066044822,"tensor(0.0099, device='cuda:0')"
353,353,1472.96936917305,7.8125e-06,0.0018586999908459525,0.0008443297028990713,0.0010143702945520057,0.0,1.6139899514655554e-06,0.0028946673119207844,"tensor(0.0096, device='cuda:0')"
354,354,1477.853951215744,7.8125e-06,0.0018681704012201504,0.0008540882473870953,0.00101408214640229,0.0,1.5587957449270107e-06,0.0029156257369322702,"tensor(0.0096, device='cuda:0')"
355,355,1482.725014925003,7.8125e-06,0.0018371220972019096,0.0008202632402023631,0.001016858856173906,0.0,9.89541064200239e-07,0.0023890113516245037,"tensor(0.0099, device='cuda:0')"
356,356,1486.5364537239075,7.8125e-06,0.0018302140846610704,0.0008135790369433767,0.001016635041112569,0.0,8.834009932456865e-07,0.0021639424594468437,"tensor(0.0101, device='cuda:0')"
357,357,1490.1447067260742,7.8125e-06,0.0018370042906757048,0.0008205420193955936,0.0010164622716929315,0.0,1.2455489795115682e-06,0.002647467583301477,"tensor(0.0098, device='cuda:0')"
358,358,1493.9888017177582,7.8125e-06,0.0018289604353064553,0.0008125908050276603,0.001016369633168537,0.0,1.5124258396781443e-06,0.0028014151321258396,"tensor(0.0096, device='cuda:0')"
359,359,1498.5199010372162,7.8125e-06,0.0018675297156887803,0.0008539818569931948,0.0010135478582827652,0.0,9.618978786818388e-07,0.0022566203042515554,"tensor(0.0104, device='cuda:0')"
360,360,1502.293424129486,7.8125e-06,0.0018262044288852113,0.0008092737019372483,0.0010169307273607832,0.0,1.0860431522985436e-06,0.0025218044756911695,"tensor(0.0100, device='cuda:0')"
361,361,1506.083173274994,7.8125e-06,0.0018636295968230735,0.0008483777604567825,0.0010152518388432128,0.0,1.0735356248403605e-06,0.0024228249676525593,"tensor(0.0099, device='cuda:0')"
362,362,1509.9938895702362,7.8125e-06,0.0018292427490670103,0.0008137988096684324,0.0010154439402242183,0.0,1.0429176242610083e-06,0.002378161021624692,"tensor(0.0099, device='cuda:0')"
363,363,1514.4636371135712,7.8125e-06,0.0018646082830952202,0.000848029681534262,0.00101657860403788,0.0,8.066697354536245e-07,0.002144078323908616,"tensor(0.0101, device='cuda:0')"
364,364,1518.6938617229462,7.8125e-06,0.0018428470485295492,0.000826508907769668,0.001016338143236803,0.0,1.5584162440518412e-06,0.002863264482584782,"tensor(0.0096, device='cuda:0')"
365,365,1522.9475321769714,7.8125e-06,0.0018483705798837734,0.0008328264341392415,0.001015544144506071,0.0,8.198833043593368e-07,0.002134079586539883,"tensor(0.0102, device='cuda:0')"
366,366,1526.9892690181732,7.8125e-06,0.0018422483963601239,0.00082637198972813,0.0010158764020909707,0.0,1.0998488235713921e-06,0.0024294182512676343,"tensor(0.0099, device='cuda:0')"
367,367,1531.306268453598,7.8125e-06,0.0018377141533287387,0.0008220572023758176,0.0010156569484759993,0.0,1.0879250460504863e-06,0.002449133593472652,"tensor(0.0100, device='cuda:0')"
368,368,1534.9578428268433,7.8125e-06,0.0018026008970824117,0.0007857841807780853,0.0010168167113504829,0.0,9.131164659947899e-07,0.002189351274864748,"tensor(0.0101, device='cuda:0')"
369,369,1539.299122095108,7.8125e-06,0.0018506754612457668,0.0008334660467506776,0.0010172094206873936,0.0,8.482169420176433e-07,0.0021824973155162297,"tensor(0.0102, device='cuda:0')"
370,370,1542.9335401058197,7.8125e-06,0.0018592389772731995,0.0008418100629272666,0.0010174289188869562,0.0,1.2884190994100209e-06,0.002660174941411242,"tensor(0.0098, device='cuda:0')"
371,371,1546.643251657486,7.8125e-06,0.0018563151263783799,0.0008409151994022177,0.0010153999232607794,0.0,1.3287002005313298e-06,0.002641346800373867,"tensor(0.0099, device='cuda:0')"
372,372,1550.2880926132202,7.8125e-06,0.0018344618271085176,0.000817378656773544,0.0010170831633170287,0.0,8.432714508899153e-07,0.002172162785427645,"tensor(0.0100, device='cuda:0')"
373,373,1554.3809397220612,7.8125e-06,0.0018515118970766876,0.0008343600866992475,0.001017151804597956,0.0,1.0895098121466162e-06,0.0024570473906351253,"tensor(0.0099, device='cuda:0')"
374,374,1558.2623240947723,7.8125e-06,0.0018295045638232366,0.0008149407312756154,0.0010145638375014649,0.0,1.059411037118707e-06,0.002386327294516377,"tensor(0.0100, device='cuda:0')"
375,375,1562.013097524643,7.8125e-06,0.0018511796114200078,0.0008342313214456201,0.0010169482866718255,0.0,1.073336747481335e-06,0.0024356179492315277,"tensor(0.0098, device='cuda:0')"
376,376,1565.9436540603638,7.8125e-06,0.0018492543397814775,0.0008317820421512509,0.0010174723009327888,0.0,9.628754291668429e-07,0.002280073254951276,"tensor(0.0100, device='cuda:0')"
377,377,1569.8726041316986,7.8125e-06,0.0018224387895315886,0.0008075274229842297,0.0010149113628319761,0.0,9.017833200175573e-07,0.0021978312943247147,"tensor(0.0101, device='cuda:0')"
378,378,1574.2847881317139,7.8125e-06,0.0017934812039652086,0.0007763869163798208,0.0010170942859341068,0.0,9.675156888988568e-07,0.002307695060153492,"tensor(0.0099, device='cuda:0')"
379,379,1578.37695479393,7.8125e-06,0.0018789326162771025,0.0008635340214720168,0.0010153985948050856,0.0,1.0274432149515178e-06,0.0024174832651624456,"tensor(0.0100, device='cuda:0')"
380,380,1581.9465572834015,7.8125e-06,0.0018329606317181854,0.0008157178196488014,0.001017242809179642,0.0,1.0572051927226767e-06,0.0024712800804991275,"tensor(0.0098, device='cuda:0')"
381,381,1586.2146599292755,7.8125e-06,0.0018459791490966653,0.0008310075879843364,0.0010149715532687432,0.0,8.794376959997408e-07,0.002204793199780397,"tensor(0.0101, device='cuda:0')"
382,382,1590.3721795082092,7.8125e-06,0.0018360755771253232,0.0008186521260431102,0.0010174234391104246,0.0,1.935029821709122e-06,0.003086468466790393,"tensor(0.0095, device='cuda:0')"
383,383,1594.4113051891327,7.8125e-06,0.001832554209316876,0.0008153402537985949,0.0010172139530413593,0.0,9.1752039921289e-07,0.0022427900839829817,"tensor(0.0100, device='cuda:0')"
384,384,1598.0461902618408,7.8125e-06,0.0018428193193906588,0.0008274007073425233,0.0010154186099840341,0.0,9.518044024048322e-07,0.0023285141433007084,"tensor(0.0099, device='cuda:0')"
385,385,1601.8805751800537,7.8125e-06,0.0018439811674204277,0.0008297232388360228,0.001014257924043382,0.0,9.042711717199836e-07,0.002290584619913716,"tensor(0.0100, device='cuda:0')"
386,386,1606.0967695713043,7.8125e-06,0.0018043712603839788,0.0007872401327158965,0.0010171311317962852,0.0,9.84557964045507e-07,0.002295535057783127,"tensor(0.0100, device='cuda:0')"
387,387,1609.7539732456207,7.8125e-06,0.0018427374769424928,0.0008257479086544708,0.0010169895666367408,0.0,1.3524157509436918e-06,0.0026953980268444866,"tensor(0.0098, device='cuda:0')"
388,388,1613.7508766651154,7.8125e-06,0.001856309033150897,0.0008389115682803094,0.0010173974607423845,0.0,2.294395969215657e-06,0.0033656384621281177,"tensor(0.0094, device='cuda:0')"
389,389,1618.1872441768646,7.8125e-06,0.0018456363067995256,0.000832315275102114,0.0010133210341743333,0.0,1.0059434849551963e-06,0.002365092070249375,"tensor(0.0099, device='cuda:0')"
390,390,1622.7287247180939,7.8125e-06,0.0018264598201577229,0.0008094610604259403,0.0010169987617958838,0.0,1.0006970470044507e-06,0.002295229525770992,"tensor(0.0101, device='cuda:0')"
391,391,1626.7876439094543,7.8125e-06,0.0018525376721080524,0.0008350093807721286,0.0010175282863820803,0.0,9.889328289602872e-07,0.0023146698949858546,"tensor(0.0100, device='cuda:0')"
392,392,1631.4170956611633,7.8125e-06,0.0018531412624337889,0.0008374707812958575,0.0010156704770097284,0.0,9.476388562745797e-07,0.0023508341109845787,"tensor(0.0102, device='cuda:0')"
393,393,1635.6887369155884,7.8125e-06,0.0018538186980530302,0.0008375894667164601,0.00101622923092375,0.0,9.178444706492428e-07,0.0023173938679974526,"tensor(0.0102, device='cuda:0')"
394,394,1639.8322434425354,7.8125e-06,0.0018187154353602876,0.0008014199280193247,0.0010172955085794237,0.0,1.0741611475850732e-06,0.0024686644464964047,"tensor(0.0099, device='cuda:0')"
395,395,1644.3192291259766,7.8125e-06,0.0018300278506948487,0.0008126507601568621,0.0010173770884738852,0.0,1.1563961521687816e-06,0.0024588016676716506,"tensor(0.0098, device='cuda:0')"
396,396,1648.793490409851,7.8125e-06,0.0018291846644265433,0.0008135773650212015,0.0010156072973412401,0.0,1.1216645852130114e-06,0.0024053771048784256,"tensor(0.0099, device='cuda:0')"
397,397,1653.453941822052,7.8125e-06,0.0018093703250262015,0.0007929104939268255,0.00101645983687886,0.0,9.931682356523197e-07,0.0023812043727957644,"tensor(0.0099, device='cuda:0')"
398,398,1657.6688840389252,7.8125e-06,0.0018152713929203913,0.000798672849249676,0.0010165985428450747,0.0,8.645807412221984e-07,0.002193230888224207,"tensor(0.0102, device='cuda:0')"
399,399,1661.957927942276,3.90625e-06,0.0018430147253980873,0.0008274072447646383,0.0010156074773308868,0.0,1.0386462498956917e-06,0.002392331458395347,"tensor(0.0103, device='cuda:0')"
400,400,1666.1004734039307,3.90625e-06,0.0017836208253808267,0.0007655238390054739,0.0010180969896779152,0.0,8.806998899046903e-07,0.002152799912437331,"tensor(0.0101, device='cuda:0')"
401,401,1670.422963142395,3.90625e-06,0.0017987583228882323,0.0007812364835206234,0.0010175218426701712,0.0,1.4076670851181916e-06,0.0026884643884841353,"tensor(0.0097, device='cuda:0')"
402,402,1674.774663925171,3.90625e-06,0.0018093140386309184,0.0007931477875706363,0.0010161662485833603,0.0,8.973637442011295e-07,0.002203933196142316,"tensor(0.0100, device='cuda:0')"
403,403,1679.158704996109,3.90625e-06,0.0018204582718049063,0.0008027786388993263,0.0010176796238235337,0.0,1.0800904490793073e-06,0.0024499660794390365,"tensor(0.0099, device='cuda:0')"
404,404,1683.2957394123077,3.90625e-06,0.0018276270554922786,0.0008111650286017791,0.0010164620190469139,0.0,9.245410979019653e-07,0.002310660929651931,"tensor(0.0100, device='cuda:0')"
405,405,1687.3356719017029,3.90625e-06,0.0017832998617334252,0.0007661001873202622,0.001017199672761882,0.0,1.0720387813023535e-06,0.00240852252318291,"tensor(0.0099, device='cuda:0')"
406,406,1691.0745797157288,3.90625e-06,0.0018065656355337788,0.0007906443743259772,0.0010159212595565205,0.0,9.433941023928583e-07,0.002288269854034297,"tensor(0.0099, device='cuda:0')"
407,407,1695.3540432453156,3.90625e-06,0.001792038491174103,0.000774729742209513,0.0010173087539184337,0.0,1.1730500126816423e-06,0.0025332915247417986,"tensor(0.0099, device='cuda:0')"
408,408,1699.6917958259583,3.90625e-06,0.0018307594987002353,0.0008143446645996672,0.0010164148336877477,0.0,8.579543688824742e-07,0.002179016300942749,"tensor(0.0100, device='cuda:0')"
409,409,1703.4699008464813,3.90625e-06,0.0017992688841615796,0.0007826601248399639,0.0010166087572575143,0.0,1.4688791978301197e-06,0.0027614575665211305,"tensor(0.0097, device='cuda:0')"
410,410,1707.2532012462616,3.90625e-06,0.0018287971136919784,0.0008135886795997144,0.0010152084328538032,0.0,1.5517154423605461e-06,0.002906398382037878,"tensor(0.0096, device='cuda:0')"
411,411,1711.2888720035553,3.90625e-06,0.0018146380762312008,0.0007986484470295039,0.0010159896358068214,0.0,8.737904728661761e-07,0.0021654529045918025,"tensor(0.0100, device='cuda:0')"
412,412,1715.333313703537,3.90625e-06,0.001819914473544357,0.0008033882824089774,0.0010165261911353797,0.0,1.5893858389404159e-06,0.002898696271586232,"tensor(0.0097, device='cuda:0')"
413,413,1719.5518815517426,3.90625e-06,0.0018122672559098994,0.0007956966808138428,0.0010165705672524712,0.0,9.975604768897028e-07,0.002335993471206166,"tensor(0.0099, device='cuda:0')"
414,414,1723.3720936775208,3.90625e-06,0.0018011874193986151,0.0007849608094708875,0.001016226609102087,0.0,9.62333327692022e-07,0.0023376311000902206,"tensor(0.0099, device='cuda:0')"
415,415,1727.0880198478699,3.90625e-06,0.0018251594255103709,0.0008071109690498693,0.001018048448204096,0.0,1.6074079525196794e-06,0.0029252022359287366,"tensor(0.0096, device='cuda:0')"
416,416,1730.8222992420197,3.90625e-06,0.0018200044716701756,0.000803241128901165,0.0010167633452459325,0.0,1.0122807090340302e-06,0.0023151642380980775,"tensor(0.0098, device='cuda:0')"
417,417,1735.25328373909,3.90625e-06,0.0018383961704275605,0.0008222809233141284,0.0010161152495903538,0.0,1.0228430298298008e-06,0.0023777849855832756,"tensor(0.0100, device='cuda:0')"
418,418,1739.287258863449,3.90625e-06,0.0018119197264511852,0.000795564395441601,0.0010163553314224043,0.0,1.020172248900053e-06,0.0023575938685098663,"tensor(0.0099, device='cuda:0')"
419,419,1743.292387008667,3.90625e-06,0.0017998039677858035,0.0007825128792732267,0.0010172910781920696,0.0,9.279609862744564e-07,0.002256713261886034,"tensor(0.0101, device='cuda:0')"
420,420,1747.4624021053314,3.90625e-06,0.0018246332381634002,0.0008062005715101218,0.0010184326650019974,0.0,1.2992733005035006e-06,0.0026609489432303235,"tensor(0.0098, device='cuda:0')"
421,421,1751.3406155109406,3.90625e-06,0.0018140953124982984,0.0007976240276999719,0.0010164712802573034,0.0,9.635470945568159e-07,0.0023192441003629938,"tensor(0.0100, device='cuda:0')"
422,422,1755.5641009807587,3.90625e-06,0.0017860069588579712,0.000769105561965984,0.0010169013960663468,0.0,8.8970468681282e-07,0.0021583362758974545,"tensor(0.0099, device='cuda:0')"
423,423,1759.2238464355469,3.90625e-06,0.001813840753471492,0.0007973999401772434,0.0010164408178352717,0.0,1.1216636188748907e-06,0.0025072241405723616,"tensor(0.0099, device='cuda:0')"
424,424,1763.0235307216644,3.90625e-06,0.0018281343951160815,0.0008113707769959373,0.0010167636160560427,0.0,1.3370081504149312e-06,0.0027297070919303223,"tensor(0.0097, device='cuda:0')"
425,425,1766.6975893974304,3.90625e-06,0.0018615117379140558,0.0008439850326336868,0.0010175267048675488,0.0,1.0012227811273533e-06,0.002409143969998695,"tensor(0.0099, device='cuda:0')"
426,426,1770.4400653839111,3.90625e-06,0.0018292215053348781,0.0008124575767738758,0.0010167639285610023,0.0,9.160363632076951e-07,0.002241038324427791,"tensor(0.0101, device='cuda:0')"
427,427,1774.2372844219208,3.90625e-06,0.001817499152847057,0.0008023448147256165,0.0010151543401855422,0.0,9.267567513404629e-07,0.0022370091173797846,"tensor(0.0100, device='cuda:0')"
428,428,1778.0241055488586,3.90625e-06,0.001833825828738722,0.0008165672419804102,0.00101725858428139,0.0,1.0786930708661657e-06,0.0025249099999200553,"tensor(0.0100, device='cuda:0')"
429,429,1782.5717577934265,3.90625e-06,0.0018173624292438758,0.0007999962454179552,0.0010173661801105378,0.0,9.636290734249542e-07,0.002344376473047305,"tensor(0.0100, device='cuda:0')"
430,430,1786.7711446285248,3.90625e-06,0.0018704139176716514,0.0008565024220952698,0.0010139114959892017,0.0,2.959494381116201e-06,0.003653722844319418,"tensor(0.0093, device='cuda:0')"
431,431,1790.8688097000122,3.90625e-06,0.0018405804215725643,0.0008221604801047302,0.0010184199410550139,0.0,1.1122810690267215e-06,0.0024770976306172088,"tensor(0.0098, device='cuda:0')"
432,432,1795.2254431247711,3.90625e-06,0.0017897608361358867,0.0007734825225309171,0.0010162783160818911,0.0,1.4370164080901304e-06,0.0027394145145080984,"tensor(0.0097, device='cuda:0')"
433,433,1799.9742653369904,3.90625e-06,0.0018299822629502056,0.0008124223355441652,0.0010175599323598839,0.0,9.509067631086054e-07,0.0022731843710062094,"tensor(0.0099, device='cuda:0')"
434,434,1804.0395293235779,3.90625e-06,0.0018102104134910496,0.0007942478302106631,0.001015962582454746,0.0,1.2090612813153712e-06,0.002599282539449632,"tensor(0.0099, device='cuda:0')"
435,435,1808.289413690567,3.90625e-06,0.0018270485935376047,0.0008092179175314381,0.0010178306743548853,0.0,1.0232768481444054e-06,0.002363519699429162,"tensor(0.0099, device='cuda:0')"
436,436,1812.2419922351837,3.90625e-06,0.0017891676959429755,0.0007736287302674449,0.0010155389607216872,0.0,9.952151529546427e-07,0.002342042396776378,"tensor(0.0099, device='cuda:0')"
437,437,1816.1636283397675,3.90625e-06,0.001795926662194972,0.0007804161171323178,0.0010155105413472715,0.0,1.093823371434155e-06,0.0024532004026696086,"tensor(0.0098, device='cuda:0')"
438,438,1820.1248269081116,3.90625e-06,0.0017869285644685968,0.0007702813059395404,0.001016647257703416,0.0,8.357594261099166e-07,0.0021932559611741453,"tensor(0.0101, device='cuda:0')"
439,439,1824.0266358852386,3.90625e-06,0.0018064188688385783,0.0007897174152618287,0.001016701448622906,0.0,8.779691960114633e-07,0.0021746658167103305,"tensor(0.0101, device='cuda:0')"
440,440,1828.4389679431915,3.90625e-06,0.0018327108622323853,0.0008157146429966686,0.0010169962151075139,0.0,1.128616393231141e-06,0.002449414547299966,"tensor(0.0097, device='cuda:0')"
441,441,1832.0603795051575,3.90625e-06,0.0018088108486766722,0.0007929551875027201,0.0010158556673662566,0.0,1.0989383554260712e-06,0.0024769130250206217,"tensor(0.0098, device='cuda:0')"
442,442,1835.6897068023682,3.90625e-06,0.0017866271379542477,0.0007709628231129907,0.0010156643127771556,0.0,8.597869296522731e-07,0.0021201155468588695,"tensor(0.0100, device='cuda:0')"
443,443,1839.4087221622467,3.90625e-06,0.0017998126535247088,0.0007830189965361505,0.0010167936569885582,0.0,9.259422775187431e-07,0.0022841435857117176,"tensor(0.0099, device='cuda:0')"
444,444,1843.6051743030548,3.90625e-06,0.001813333797770559,0.0007954960171271988,0.0010178377810561804,0.0,9.20133384596511e-07,0.0022665669603156857,"tensor(0.0099, device='cuda:0')"
445,445,1847.6079561710358,3.90625e-06,0.0017992016489465608,0.0007813915181805954,0.0010178101299403248,0.0,1.1765568146415717e-06,0.0025199140363838524,"tensor(0.0098, device='cuda:0')"
446,446,1851.8077430725098,3.90625e-06,0.001789678729482735,0.0007723648842516626,0.0010173138472951736,0.0,9.840555783569016e-07,0.002366531662119087,"tensor(0.0100, device='cuda:0')"
447,447,1856.0186970233917,3.90625e-06,0.0018128527250761788,0.0007941748299602921,0.001018677895528707,0.0,1.0544636239728788e-06,0.002422983816359192,"tensor(0.0099, device='cuda:0')"
448,448,1860.2687094211578,3.90625e-06,0.001777722739700413,0.0007612552371615848,0.0010164675004747266,0.0,9.537053138330975e-07,0.0022788932474213652,"tensor(0.0099, device='cuda:0')"
449,449,1864.0042896270752,1.953125e-06,0.0017989630726701084,0.0007817217938152823,0.0010172412846343104,0.0,1.0296795522890534e-06,0.002371278387727216,"tensor(0.0099, device='cuda:0')"
450,450,1867.7984795570374,1.953125e-06,0.0017671598119872575,0.0007500373275375905,0.001017122482798386,0.0,1.169792852806495e-06,0.0026361514028394595,"tensor(0.0098, device='cuda:0')"
451,451,1871.5992901325226,1.953125e-06,0.001782074861281307,0.0007659471829104772,0.0010161276816733921,0.0,1.0778727386195897e-06,0.0024115169944707304,"tensor(0.0098, device='cuda:0')"
452,452,1875.7318358421326,1.953125e-06,0.001759027249794057,0.0007413450276796171,0.0010176822258298225,0.0,9.257471162982256e-07,0.002256069674331229,"tensor(0.0102, device='cuda:0')"
453,453,1879.956817150116,1.953125e-06,0.0017984312164749132,0.0007805938370928749,0.001017837383510241,0.0,9.05276436924396e-07,0.002155177528038621,"tensor(0.0100, device='cuda:0')"
454,454,1883.9723811149597,1.953125e-06,0.0017704324580478012,0.0007537673656822097,0.0010166650952553337,0.0,1.0286188647512517e-06,0.002375976924668066,"tensor(0.0098, device='cuda:0')"
455,455,1888.6153635978699,1.953125e-06,0.0018133924314620118,0.0007944243199667556,0.0010189681135593578,0.0,8.774252826526663e-07,0.002215575623267796,"tensor(0.0099, device='cuda:0')"
456,456,1893.0738792419434,1.953125e-06,0.0018142282992522133,0.0007958080617922312,0.0010184202399369038,0.0,1.0015135138985443e-06,0.002295223734108731,"tensor(0.0100, device='cuda:0')"
457,457,1896.9592578411102,1.953125e-06,0.0017969388356234165,0.0007803161415529061,0.001016622694896151,0.0,1.117763190450205e-06,0.002493125415639952,"tensor(0.0098, device='cuda:0')"
458,458,1901.2274878025055,1.953125e-06,0.0017822829177537075,0.0007656215102220258,0.0010166614079445018,0.0,1.029838244903658e-06,0.002398276177700609,"tensor(0.0099, device='cuda:0')"
459,459,1905.371562242508,1.953125e-06,0.0017773629618636894,0.000761571996234331,0.0010157909639780772,0.0,9.865686543264474e-07,0.002286883151100483,"tensor(0.0100, device='cuda:0')"
460,460,1909.4500081539154,1.953125e-06,0.0017962406103743623,0.0007777289930790504,0.001018511623074796,0.0,1.737412162583496e-06,0.0029355297738220543,"tensor(0.0096, device='cuda:0')"
461,461,1913.320932149887,1.953125e-06,0.0018113735478688428,0.0007946740704628223,0.0010166994827726843,0.0,1.0981279423560864e-06,0.0024027951149037108,"tensor(0.0098, device='cuda:0')"
462,462,1916.8075532913208,1.953125e-06,0.0018113273020886572,0.0007939208880998194,0.0010174064139888378,0.0,1.117616236001595e-06,0.0024553092662245035,"tensor(0.0099, device='cuda:0')"
463,463,1920.4968044757843,1.953125e-06,0.0018003845664982994,0.0007832186413823185,0.00101716592387752,0.0,9.450872617833284e-07,0.0023503866395913064,"tensor(0.0100, device='cuda:0')"
464,464,1924.0511121749878,1.953125e-06,0.0018056692160890564,0.0007890325034671324,0.0010166367068424398,0.0,9.107185086065783e-07,0.0022884444770170376,"tensor(0.0099, device='cuda:0')"
465,465,1928.0338592529297,1.953125e-06,0.0018077805978477213,0.0007890500854832906,0.0010187305160798132,0.0,1.2289371511542413e-06,0.002630729606607929,"tensor(0.0098, device='cuda:0')"
466,466,1932.1164276599884,1.953125e-06,0.001753525672222864,0.0007354900090631546,0.0010180356631597095,0.0,1.0673580383979697e-06,0.002397819422185421,"tensor(0.0099, device='cuda:0')"
467,467,1936.1067855358124,1.953125e-06,0.0017463015929089054,0.0007296499564206717,0.0010166516364882338,0.0,8.679986827075936e-07,0.002217192915850319,"tensor(0.0100, device='cuda:0')"
468,468,1939.7140204906464,1.953125e-06,0.0017861994363182615,0.0007722295720810532,0.0010139698658884894,0.0,1.004360004941418e-06,0.0023268479053513147,"tensor(0.0099, device='cuda:0')"
469,469,1943.7368631362915,1.953125e-06,0.0017940530401542255,0.0007762731336129842,0.001017779909018163,0.0,1.2793115118370224e-06,0.002595803132862784,"tensor(0.0097, device='cuda:0')"
470,470,1947.747900724411,1.953125e-06,0.0017880135461859775,0.0007717278707567735,0.0010162856737779228,0.0,9.520181514233172e-07,0.0023267980286618695,"tensor(0.0099, device='cuda:0')"
471,471,1951.3874571323395,1.953125e-06,0.0017904281964631263,0.0007743162407658677,0.0010161119556972586,0.0,1.126115044769449e-06,0.0024930737708928064,"tensor(0.0098, device='cuda:0')"
472,472,1955.3495967388153,1.953125e-06,0.0018041251039013584,0.0007875085294788294,0.0010166165748353494,0.0,9.461712799918587e-07,0.002359195568715222,"tensor(0.0100, device='cuda:0')"
473,473,1959.5247914791107,1.953125e-06,0.0017662834704701676,0.0007497564181916627,0.0010165270518656846,0.0,9.063964618860609e-07,0.002170324223698117,"tensor(0.0099, device='cuda:0')"
474,474,1963.0792655944824,1.953125e-06,0.0017795272366348523,0.0007629855618488492,0.0010165416710706202,0.0,9.036617676372316e-07,0.0022832205504528247,"tensor(0.0100, device='cuda:0')"
475,475,1967.2661702632904,1.953125e-06,0.0017933562432633752,0.0007755696395385667,0.0010177865991837854,0.0,1.2325303835325485e-06,0.0025092064461205155,"tensor(0.0098, device='cuda:0')"
476,476,1971.3458302021027,1.953125e-06,0.001825415043834042,0.0008107507353688174,0.001014664304749842,0.0,1.21751818227267e-06,0.002592848541098647,"tensor(0.0097, device='cuda:0')"
477,477,1975.1407566070557,1.953125e-06,0.0017843335637400019,0.0007662516667718953,0.0010180818969681067,0.0,1.036035627066667e-06,0.0024033150693867356,"tensor(0.0100, device='cuda:0')"
478,478,1978.9324026107788,1.953125e-06,0.0017854416204603218,0.0007670828676287164,0.0010183587590239097,0.0,1.0089534718815685e-06,0.0022985818795859814,"tensor(0.0100, device='cuda:0')"
479,479,1982.8464143276215,1.953125e-06,0.0017863857222998397,0.00077001028074982,0.0010163754357705355,0.0,9.04971944493127e-07,0.002255212930322159,"tensor(0.0100, device='cuda:0')"
480,480,1987.227460384369,1.953125e-06,0.0017959517591916922,0.0007784384301143652,0.0010175133266004054,0.0,9.619503806845842e-07,0.002295200822118204,"tensor(0.0100, device='cuda:0')"
481,481,1991.9216284751892,1.953125e-06,0.0017975862286588613,0.0007822252132976097,0.0010153610211407356,0.0,9.245740137941993e-07,0.00230228433792945,"tensor(0.0099, device='cuda:0')"
482,482,1996.0110018253326,1.953125e-06,0.0018071339503657204,0.0007905433419266226,0.0010165906076134573,0.0,1.1998453217643146e-06,0.002522712093195878,"tensor(0.0099, device='cuda:0')"
483,483,1999.5719139575958,1.953125e-06,0.0017860888640548215,0.0007687571040744371,0.0010173317570906424,0.0,1.1723488242409985e-06,0.0025330700882477686,"tensor(0.0098, device='cuda:0')"
484,484,2003.793902873993,1.953125e-06,0.0017904999793064615,0.000774246837418685,0.0010162531385852142,0.0,1.3482557434940645e-06,0.00272256247990299,"tensor(0.0098, device='cuda:0')"
485,485,2007.8642473220825,1.953125e-06,0.001775451211740943,0.0007581827474315486,0.001017268466373496,0.0,9.464291679250891e-07,0.0022770005234633572,"tensor(0.0099, device='cuda:0')"
486,486,2011.572103023529,1.953125e-06,0.0017537810676235784,0.0007367236737875228,0.0010170573909463135,0.0,9.619987331177526e-07,0.002283746231114492,"tensor(0.0099, device='cuda:0')"
487,487,2015.5413932800293,1.953125e-06,0.0017752156639141393,0.00075931419578797,0.0010159014631723258,0.0,9.746701152835158e-07,0.0023565106239402667,"tensor(0.0099, device='cuda:0')"
488,488,2019.871163368225,1.953125e-06,0.0017783826907290846,0.0007628288507256789,0.0010155538428931476,0.0,1.0729274961818192e-06,0.0024343432596651837,"tensor(0.0098, device='cuda:0')"
489,489,2024.044970035553,1.953125e-06,0.001801234237347723,0.0007839257798342576,0.0010173084579262856,0.0,1.04597947014895e-06,0.0024018492113100365,"tensor(0.0099, device='cuda:0')"
490,490,2027.9822928905487,1.953125e-06,0.0017689502020267413,0.0007521170084133533,0.0010168331932005677,0.0,9.674392273950616e-07,0.0023882157256593928,"tensor(0.0099, device='cuda:0')"
491,491,2031.9563398361206,1.953125e-06,0.001803617580159706,0.0007859091811106666,0.0010177083899669931,0.0,1.0609894154356425e-06,0.002392364011029713,"tensor(0.0100, device='cuda:0')"
492,492,2036.2683930397034,1.953125e-06,0.0018032840659498429,0.0007862176350648152,0.001017066432536309,0.0,1.1284983294501671e-06,0.002432837209198624,"tensor(0.0098, device='cuda:0')"
493,493,2040.8312504291534,1.953125e-06,0.0017353026171591371,0.0007174434156837404,0.0010178592043651386,0.0,9.060097028168457e-07,0.002270720200613141,"tensor(0.0099, device='cuda:0')"
494,494,2045.450113773346,1.953125e-06,0.001785847588759312,0.0007702686534104671,0.0010155789353488449,0.0,1.0928499953877235e-06,0.0024254715390270576,"tensor(0.0098, device='cuda:0')"
495,495,2050.318662405014,1.953125e-06,0.0017774481010946928,0.0007602571487486204,0.0010171909548229942,0.0,8.58294534111792e-07,0.0021790360115119256,"tensor(0.0100, device='cuda:0')"
496,496,2055.1908750534058,1.953125e-06,0.0017723152265348967,0.0007575054472173623,0.0010148097793175343,0.0,8.689150732266171e-07,0.0022045602308935486,"tensor(0.0101, device='cuda:0')"
497,497,2060.145334005356,1.953125e-06,0.0018137729667285656,0.0007959349590340457,0.001017838010997082,0.0,9.77986740480219e-07,0.0023120320111047477,"tensor(0.0100, device='cuda:0')"
498,498,2064.022227048874,1.953125e-06,0.0017675650685840677,0.0007523899738584375,0.001015175098853833,0.0,1.0323992079008804e-06,0.0023478063521906734,"tensor(0.0099, device='cuda:0')"
499,499,2067.943238258362,9.765625e-07,0.0017560933244328762,0.0007391708154984295,0.001016922509347267,0.0,9.400853926422315e-07,0.0022529038760694675,"tensor(0.0099, device='cuda:0')"
