Model,Mode,Attack_Name,Category,Domain,Epsilon,Target_L2,Lambda_PDE,IC_Pert_Abs,IC_Pert_Rel,IC_Low_Freq,IC_High_Freq,Clean_L2,Adv_L2,Clean_MSE,Adv_MSE,Clean_Low_Freq,Clean_High_Freq,Adv_Low_Freq,Adv_High_Freq,Amp_Ratio
FNO,standard,attack_sequential_spatial_eps0.005_pde10.0_bc10.0,Sequential,Spatial,0.005,,10.0,0.0,0.0,0.0,0.0,0.007214048039168119,0.1446617864072323,1.3717877027374926e-05,0.005214659729972482,10.654462385177613,0.9479721069335938,192.37152709960938,3.581438732147217,
FNO,standard,attack_spatial_stealth_eps0.05_pde10.0_bc10.0,PGD-Stealth,Spatial,0.05,,10.0,2.0449278593063354,0.12818294242024422,96.29883117675782,40.09981460571289,0.007214048039168119,0.11583299189805984,1.3717877027374926e-05,0.0035575834452174606,10.654462385177613,0.9479721069335938,179.85007095336914,1.536482048034668,0.903653713286629
FNO,standard,attack_noise_spectral_l2_0.075,Noise,Spectral,,0.075,0.0,1.2052239179611206,0.07500000298023224,3.772116201616882e-06,55.31546325683594,0.007214048039168119,0.007707064272835851,1.3717877027374926e-05,1.5569270453852367e-05,10.654462385177613,0.9479721069335938,10.650736570358276,0.9480889678001404,0.10276085288779525
FNO,standard,attack_spatial_stealth_eps0.005_pde10.0_bc10.0,PGD-Stealth,Spatial,0.005,,10.0,0.2099438950419426,0.013188005704432727,5.767010045051575,7.989242935180664,0.007214048039168119,0.008498759148642421,1.3717877027374926e-05,1.9324233926454325e-05,10.654462385177613,0.9479721069335938,12.314314079284667,0.9491526782512665,0.6444309578806017
FNO,cross_res_low,attack_spatial_pure_eps0.005,PGD-Pure,Spatial,0.005,,0.0,0.2175398975610733,0.013655395060777665,11.14671277999878,2.971666121482849,0.09078496247529984,0.0910802163183689,0.0018964220420457424,0.0019092911039479076,29.94518928527832,0.3599534839391708,29.878504943847656,0.35981143116950987,6.669907088955503
FNO,cross_res_high,attack_spatial_pure_eps0.005,PGD-Pure,Spatial,0.005,,0.0,0.2175398975610733,0.013655395060777665,11.14671277999878,2.971666121482849,0.04570015668869019,0.048493897542357445,0.00048754315357655285,0.0005517788900760934,246.2001937866211,3.8323974609375,269.330583190918,3.8702741384506227,3.5512628764323537
FNO,standard,attack_spatial_pure_eps0.005,PGD-Pure,Spatial,0.005,,0.0,0.2175398975610733,0.013655395060777665,11.14671277999878,2.971666121482849,0.007214048039168119,0.015787178184837103,1.3717877027374926e-05,6.120350262790452e-05,10.654462385177613,0.9479721069335938,24.827181243896483,0.9530955076217651,1.1561128853886147
FNO,standard,attack_sequential_spatial_eps0.05_pde10.0_bc10.0,Sequential,Spatial,0.05,,10.0,0.0,0.0,0.0,0.0,0.007214048039168119,1.4686519503593445,1.3717877027374926e-05,0.5478604555130004,10.654462385177613,0.9479721069335938,1986.6001098632812,25.76275691986084,
FNO,cross_res_low,attack_spatial_pure_eps0.05,PGD-Pure,Spatial,0.05,,0.0,2.1715360403060915,0.13633220121264458,115.94061508178712,28.792842864990234,0.09078496247529984,0.15871386229991913,0.0018964220420457424,0.005956207122653723,29.94518928527832,0.3599534839391708,60.22552833557129,0.5170335680246353,1.1641700265102055
FNO,cross_res_high,attack_spatial_pure_eps0.05,PGD-Pure,Spatial,0.05,,0.0,2.1715360403060915,0.13633220121264458,115.94061508178712,28.792842864990234,0.04570015668869019,0.1457964539527893,0.00048754315357655285,0.005400622892193496,246.2001937866211,3.8323974609375,927.4569030761719,7.829846739768982,1.069420523221677
FNO,standard,attack_spatial_pure_eps0.05,PGD-Pure,Spatial,0.05,,0.0,2.1715360403060915,0.13633220121264458,115.94061508178712,28.792842864990234,0.007214048039168119,0.13556473925709725,1.3717877027374926e-05,0.004632916743867099,10.654462385177613,0.9479721069335938,218.18338623046876,1.871940129995346,0.9943706479560886
FNO,standard,attack_spectral_stealth_eps0.1_pde10.0_bc10.0,PGD-Stealth,Spectral,0.1,,10.0,0.2948614448308945,0.019273519981652498,1.6151118993759155,13.424428939819336,0.007214048039168119,0.007784002041444182,1.3717877027374926e-05,1.5902803215794848e-05,10.654462385177613,0.9479721069335938,11.124460983276368,0.9474344551563263,0.4038702867381876
FNO,cross_res_low,attack_spatial_pure_eps0.1,PGD-Pure,Spatial,0.1,,0.0,4.341667366027832,0.27255989164114,222.68457641601563,59.00767211914062,0.09078496247529984,0.28173580318689345,0.0018964220420457424,0.01978143583983183,29.94518928527832,0.3599534839391708,109.01885223388672,0.7406839430332184,1.0336656706550014
FNO,cross_res_high,attack_spatial_pure_eps0.1,PGD-Pure,Spatial,0.1,,0.0,4.341667366027832,0.27255989164114,222.68457641601563,59.00767211914062,0.04570015668869019,0.2769557684659958,0.00048754315357655285,0.01928698820993304,246.2001937866211,3.8323974609375,1729.9778930664063,11.816792392730713,1.0161281133419422
FNO,standard,attack_spatial_pure_eps0.1,PGD-Pure,Spatial,0.1,,0.0,4.341667366027832,0.27255989164114,222.68457641601563,59.00767211914062,0.007214048039168119,0.27023706436157224,1.3717877027374926e-05,0.018418655591085555,10.654462385177613,0.9479721069335938,424.16367492675784,2.895961010456085,0.991477736267132
FNO,standard,attack_sequential_spatial_eps0.01_pde10.0_bc10.0,Sequential,Spatial,0.01,,10.0,0.0,0.0,0.0,0.0,0.007214048039168119,0.30309489369392395,1.3717877027374926e-05,0.023785742465406656,10.654462385177613,0.9479721069335938,399.14173278808596,6.992592763900757,
FNO,standard,attack_noise_spectral_l2_0.05,Noise,Spectral,,0.05,0.0,0.8034825801849366,0.05,3.402650099815219e-06,36.908518409729005,0.007214048039168119,0.007413907675072551,1.3717877027374926e-05,1.4393203127838205e-05,10.654462385177613,0.9479721069335938,10.62399673461914,0.9482717692852021,0.14827815350145102
FNO,standard,attack_noise_spatial_l2_0.025,Noise,Spatial,,0.025,0.0,0.40174129605293274,0.02500000037252903,3.1569313526153566,18.192721366882324,0.007214048039168119,0.007464629784226418,1.3717877027374926e-05,1.4747243812962552e-05,10.654462385177613,0.9479721069335938,10.785104751586914,0.9486529469490051,0.2985851869197907
FNO,standard,attack_sequential_spectral_eps0.001_pde10.0_bc10.0,Sequential,Spectral,0.001,,10.0,0.0,0.0,0.0,0.0,0.007214048039168119,0.01676788376644254,1.3717877027374926e-05,6.808898178860545e-05,10.654462385177613,0.9479721069335938,21.192433166503907,6.027519655227661,
FNO,cross_res_low,attack_spectral_pure_eps0.01,PGD-Pure,Spectral,0.01,,0.0,0.02895257081836462,0.0018932813545688987,0.15040419474244118,1.3144449949264527,0.09078496247529984,0.09077757969498634,0.0018964220420457424,0.0018961051595397294,29.94518928527832,0.3599534839391708,29.94208393096924,0.3600420027971268,47.94722109100179
FNO,cross_res_high,attack_spectral_pure_eps0.01,PGD-Pure,Spectral,0.01,,0.0,0.02895257081836462,0.0018932813545688987,0.15040419474244118,1.3144449949264527,0.04570015668869019,0.04570092968642712,0.00048754315357655285,0.00048755911702755836,246.2001937866211,3.8323974609375,246.1999725341797,3.832617402076721,24.138477662678532
FNO,standard,attack_spectral_pure_eps0.01,PGD-Pure,Spectral,0.01,,0.0,0.02895257081836462,0.0018932813545688987,0.15040419474244118,1.3144449949264527,0.007214048039168119,0.0072158434428274635,1.3717877027374926e-05,1.372289921164338e-05,10.654462385177613,0.9479721069335938,10.658267068862916,0.9478995382785798,3.8112895505013387
FNO,standard,attack_noise_spatial_l2_0.075,Noise,Spatial,,0.075,0.0,1.2052239000797271,0.07500000223517418,9.75177001953125,54.53378524780273,0.007214048039168119,0.009084887383505703,1.3717877027374926e-05,2.1910856594331564e-05,10.654462385177613,0.9479721069335938,11.902931499481202,0.960040134191513,0.12113182817006624
FNO,standard,attack_noise_spatial_l2_0.1,Noise,Spatial,,0.1,0.0,1.606965148448944,0.09999999925494193,12.65242829322815,72.70740585327148,0.007214048039168119,0.01064157010987401,1.3717877027374926e-05,2.9486323637684108e-05,10.654462385177613,0.9479721069335938,13.326969242095947,0.9509835183620453,0.10641570189159888
FNO,standard,attack_noise_spectral_l2_0.025,Noise,Spectral,,0.025,0.0,0.40174129903316497,0.025000000186264516,3.294379871476849e-06,18.43287410736084,0.007214048039168119,0.007277240697294474,1.3717877027374926e-05,1.395476533616602e-05,10.654462385177613,0.9479721069335938,10.687299776077271,0.9489711463451386,0.29108962572299224
FNO,standard,attack_spectral_stealth_eps0.05_pde10.0_bc10.0,PGD-Stealth,Spectral,0.05,,10.0,0.19223441183567047,0.012550340965390205,0.9511687338352204,8.76283884048462,0.007214048039168119,0.0076457822229713205,1.3717877027374926e-05,1.542899435662548e-05,10.654462385177613,0.9479721069335938,11.144188690185548,0.94872185587883,0.609209123804359
FNO,standard,attack_spatial_stealth_eps0.01_pde10.0_bc10.0,PGD-Stealth,Spatial,0.01,,10.0,0.4107938528060913,0.025809642300009726,12.528092288970948,14.794895267486572,0.007214048039168119,0.012594520393759013,1.3717877027374926e-05,4.442082845343975e-05,10.654462385177613,0.9479721069335938,17.964352226257326,0.9545158982276917,0.4879773321676088
FNO,standard,attack_sequential_spatial_eps0.1_pde10.0_bc10.0,Sequential,Spatial,0.1,,10.0,0.0,0.0,0.0,0.0,0.007214048039168119,3.0170642852783205,1.3717877027374926e-05,2.290920853614807,10.654462385177613,0.9479721069335938,3817.3778564453123,36.744483184814456,
FNO,standard,attack_spectral_stealth_eps0.01_pde10.0_bc10.0,PGD-Stealth,Spectral,0.01,,10.0,0.14170167744159698,0.009245962649583817,0.8276791334152221,6.470552015304565,0.007214048039168119,0.0075836726929992436,1.3717877027374926e-05,1.5206373063847423e-05,10.654462385177613,0.9479721069335938,11.113102579116822,0.9474870383739471,0.8202145066355641
FNO,standard,clean_baseline,Clean,Unknown,,,0.0,0.0,0.0,0.0,0.0,0.007047274126671254,0.007047274126671254,1.3378215110151359e-05,1.3378215110151359e-05,10.265757260322571,0.9546417409181595,10.265757260322571,0.9546417409181595,
FNO,standard,attack_spatial_stealth_eps0.001_pde10.0_bc10.0,PGD-Stealth,Spatial,0.001,,10.0,0.04325605314224958,0.002715932694263756,1.0732730805873871,1.7164958119392395,0.007214048039168119,0.007313256105408073,1.3717877027374926e-05,1.4133285731077194e-05,10.654462385177613,0.9479721069335938,10.80079197883606,0.9478874027729034,2.6927236160359174
FNO,cross_res_low,attack_spectral_pure_eps0.001,PGD-Pure,Spectral,0.001,,0.0,0.002905227057635784,0.0001900508243124932,0.015750675275921822,0.13167376816272736,0.09078496247529984,0.09077758938074112,0.0018964220420457424,0.0018961336696520447,29.94518928527832,0.3599534839391708,29.943501472473145,0.35982445776462557,477.6490168307771
FNO,cross_res_high,attack_spectral_pure_eps0.001,PGD-Pure,Spectral,0.001,,0.0,0.002905227057635784,0.0001900508243124932,0.015750675275921822,0.13167376816272736,0.04570015668869019,0.04569991119205952,0.00048754315357655285,0.0004875374695984647,246.2001937866211,3.8323974609375,246.198583984375,3.832352328300476,240.46152579121113
FNO,standard,attack_spectral_pure_eps0.001,PGD-Pure,Spectral,0.001,,0.0,0.002905227057635784,0.0001900508243124932,0.015750675275921822,0.13167376816272736,0.007214048039168119,0.007212016498669982,1.3717877027374926e-05,1.3711773863178679e-05,10.654462385177613,0.9479721069335938,10.649950408935547,0.9483587682247162,37.947830664557095
FNO,standard,attack_spectral_stealth_eps0.001_pde10.0_bc10.0,PGD-Stealth,Spectral,0.001,,10.0,0.1398045688867569,0.009118824359029531,0.8201838135719299,6.383281278610229,0.007214048039168119,0.007584217982366681,1.3717877027374926e-05,1.520808268651308e-05,10.654462385177613,0.9479721069335938,11.117407894134521,0.9485232651233673,0.8317100630254742
FNO,standard,attack_noise_spatial_l2_0.05,Noise,Spatial,,0.05,0.0,0.803482574224472,0.04999999925494194,6.318469858169555,36.384073448181155,0.007214048039168119,0.008103228639811277,1.3717877027374926e-05,1.6837836392369353e-05,10.654462385177613,0.9479721069335938,11.451776313781739,0.9503182768821716,0.1620645752111759
FNO,cross_res_low,attack_spectral_pure_eps0.05,PGD-Pure,Spectral,0.05,,0.0,0.143171064555645,0.009373501036316156,0.6149511963129044,6.501531457901001,0.09078496247529984,0.09079240411520004,0.0018964220420457424,0.0018967672949656844,29.94518928527832,0.3599534839391708,29.947114562988283,0.35990053713321685,9.686071806408208
FNO,cross_res_high,attack_spectral_pure_eps0.05,PGD-Pure,Spectral,0.05,,0.0,0.143171064555645,0.009373501036316156,0.6149511963129044,6.501531457901001,0.04570015668869019,0.0456960953772068,0.00048754315357655285,0.00048746311222203076,246.2001937866211,3.8323974609375,246.09240264892577,3.8328258752822877,4.875029639423356
FNO,standard,attack_spectral_pure_eps0.05,PGD-Pure,Spectral,0.05,,0.0,0.143171064555645,0.009373501036316156,0.6149511963129044,6.501531457901001,0.007214048039168119,0.007287431880831719,1.3717877027374926e-05,1.392450435560022e-05,10.654462385177613,0.9479721069335938,10.667760372161865,0.9485228419303894,0.7774503734087946
FNO,cross_res_low,attack_spatial_pure_eps0.001,PGD-Pure,Spatial,0.001,,0.0,0.04353984985500574,0.0027332100318744777,2.1250475525856016,0.5926100522279739,0.09078496247529984,0.09063739404082298,0.0018964220420457424,0.0018897122936323285,29.94518928527832,0.3599534839391708,29.882362937927248,0.3607615530490875,33.161518135751336
FNO,cross_res_high,attack_spatial_pure_eps0.001,PGD-Pure,Spatial,0.001,,0.0,0.04353984985500574,0.0027332100318744777,2.1250475525856016,0.5926100522279739,0.04570015668869019,0.04603055492043495,0.00048754315357655285,0.0004955854179570452,246.2001937866211,3.8323974609375,248.46567993164064,3.8364245653152467,16.84120663382261
FNO,standard,attack_spatial_pure_eps0.001,PGD-Pure,Spatial,0.001,,0.0,0.04353984985500574,0.0027332100318744777,2.1250475525856016,0.5926100522279739,0.007214048039168119,0.007963253743946552,1.3717877027374926e-05,1.6845635263962323e-05,10.654462385177613,0.9479721069335938,11.740858030319213,0.9481806099414826,2.913516945671837
FNO,standard,attack_sequential_spectral_eps0.05_pde10.0_bc10.0,Sequential,Spectral,0.05,,10.0,0.0,0.0,0.0,0.0,0.007214048039168119,0.016270438116043805,1.3717877027374926e-05,6.427917069231625e-05,10.654462385177613,0.9479721069335938,20.47930202484131,5.925026512145996,
FNO,standard,attack_noise_spectral_l2_0.1,Noise,Spectral,,0.1,0.0,1.606965172290802,0.10000000074505806,3.870279715556535e-06,73.84994926452637,0.007214048039168119,0.008064360031858087,1.3717877027374926e-05,1.69468226886238e-05,10.654462385177613,0.9479721069335938,10.745384931564331,0.9488018095493317,0.08064359971773923
FNO,cross_res_low,attack_spectral_pure_eps0.005,PGD-Pure,Spectral,0.005,,0.0,0.014355816878378391,0.0009411037783138454,0.06120875030755997,0.6508670032024384,0.09078496247529984,0.09077210798859596,0.0018964220420457424,0.001895879185758531,29.94518928527832,0.3599534839391708,29.941972732543945,0.359558641910553,96.45281432323044
FNO,cross_res_high,attack_spectral_pure_eps0.005,PGD-Pure,Spectral,0.005,,0.0,0.014355816878378391,0.0009411037783138454,0.06120875030755997,0.6508670032024384,0.04570015668869019,0.045705121383070944,0.00048754315357655285,0.00048765207175165414,246.2001937866211,3.8323974609375,246.23355560302736,3.8325783729553224,48.565442447760425
FNO,standard,attack_spectral_pure_eps0.005,PGD-Pure,Spectral,0.005,,0.0,0.014355816878378391,0.0009411037783138454,0.06120875030755997,0.6508670032024384,0.007214048039168119,0.007216171966865659,1.3717877027374926e-05,1.3728615704167168e-05,10.654462385177613,0.9479721069335938,10.65988893508911,0.9481390357017517,7.6677749395446195
FNO,standard,attack_spectral_stealth_eps0.005_pde10.0_bc10.0,PGD-Stealth,Spectral,0.005,,10.0,0.1402117371559143,0.009145040344446898,0.8477653682231903,6.399268913269043,0.007214048039168119,0.007584372302517295,1.3717877027374926e-05,1.520743871878949e-05,10.654462385177613,0.9479721069335938,11.115202808380127,0.9478138864040375,0.829342683777521
FNO,standard,attack_noise_spectral_l2_0.01,Noise,Spectral,,0.01,0.0,0.1606965109705925,0.009999999776482582,3.2760990279712133e-06,7.376356887817383,0.007214048039168119,0.007224200945347548,1.3717877027374926e-05,1.3745754131377907e-05,10.654462385177613,0.9479721069335938,10.665642690658569,0.9477476179599762,0.7224201106821025
FNO,standard,attack_noise_spatial_l2_0.01,Noise,Spatial,,0.01,0.0,0.16069651022553444,0.009999999683350325,1.247575831413269,7.276335191726685,0.007214048039168119,0.007227374566718936,1.3717877027374926e-05,1.370787076666602e-05,10.654462385177613,0.9479721069335938,10.639690637588501,0.9473415434360504,0.7227374795573523
FNO,standard,attack_sequential_spatial_eps0.001_pde10.0_bc10.0,Sequential,Spatial,0.001,,10.0,0.0,0.0,0.0,0.0,0.007214048039168119,0.03202492408454418,1.3717877027374926e-05,0.0002570149452367332,10.654462385177613,0.9479721069335938,42.842580223083495,1.135806107521057,
FNO,standard,attack_sequential_spectral_eps0.1_pde10.0_bc10.0,Sequential,Spectral,0.1,,10.0,0.0,0.0,0.0,0.0,0.007214048039168119,0.016511032916605474,1.3717877027374926e-05,6.586120616702829e-05,10.654462385177613,0.9479721069335938,20.293260383605958,7.324796915054321,
FNO,cross_res_low,attack_spatial_pure_eps0.01,PGD-Pure,Spatial,0.01,,0.0,0.4351069122552872,0.02731473408639431,20.92082462310791,5.931293773651123,0.09078496247529984,0.09439070522785187,0.0018964220420457424,0.0020519422250799835,29.94518928527832,0.3599534839391708,31.678118896484374,0.36746932864189147,3.4556699299836366
FNO,cross_res_high,attack_spatial_pure_eps0.01,PGD-Pure,Spatial,0.01,,0.0,0.4351069122552872,0.02731473408639431,20.92082462310791,5.931293773651123,0.04570015668869019,0.054619452357292174,0.00048754315357655285,0.000716858624946326,246.2001937866211,3.8323974609375,307.5588973999023,3.9355130195617676,1.9996333182133583
FNO,standard,attack_spatial_pure_eps0.01,PGD-Pure,Spatial,0.01,,0.0,0.4351069122552872,0.02731473408639431,20.92082462310791,5.931293773651123,0.007214048039168119,0.028583223186433315,1.3717877027374926e-05,0.00021033460870967247,10.654462385177613,0.9479721069335938,44.75521755218506,0.9929008305072784,1.0464397382023518
FNO,cross_res_low,attack_spectral_pure_eps0.1,PGD-Pure,Spectral,0.1,,0.0,0.2849422603845596,0.018655953742563725,1.4844952404499054,12.935805511474609,0.09078496247529984,0.09081976860761642,0.0018964220420457424,0.001897818548604846,29.94518928527832,0.3599534839391708,29.949818229675294,0.3598908454179764,4.868138603946595
FNO,cross_res_high,attack_spectral_pure_eps0.1,PGD-Pure,Spectral,0.1,,0.0,0.2849422603845596,0.018655953742563725,1.4844952404499054,12.935805511474609,0.04570015668869019,0.045732246711850166,0.00048754315357655285,0.0004882627137703821,246.2001937866211,3.8323974609375,246.1837127685547,3.836610221862793,2.4513486334130232
FNO,standard,attack_spectral_pure_eps0.1,PGD-Pure,Spectral,0.1,,0.0,0.2849422603845596,0.018655953742563725,1.4844952404499054,12.935805511474609,0.007214048039168119,0.007472915155813098,1.3717877027374926e-05,1.455676210753154e-05,10.654462385177613,0.9479721069335938,10.706925010681152,0.9499401450157166,0.40056462719263586
FNO,standard,attack_sequential_spectral_eps0.01_pde10.0_bc10.0,Sequential,Spectral,0.01,,10.0,0.0,0.0,0.0,0.0,0.007214048039168119,0.01674959547817707,1.3717877027374926e-05,6.796317284170072e-05,10.654462385177613,0.9479721069335938,21.160102558135986,6.027581834793091,
FNO,standard,attack_spatial_stealth_eps0.1_pde10.0_bc10.0,PGD-Stealth,Spatial,0.1,,10.0,4.129300260543824,0.25937399417161944,208.49280548095703,54.37070274353027,0.007214048039168119,0.2512253329157829,1.3717877027374926e-05,0.01609912598505616,10.654462385177613,0.9479721069335938,393.42152709960936,2.5970317363739013,0.9685833528459109
FNO,standard,attack_sequential_spectral_eps0.005_pde10.0_bc10.0,Sequential,Spectral,0.005,,10.0,0.0,0.0,0.0,0.0,0.007214048039168119,0.016758858878165483,1.3717877027374926e-05,6.801603885833173e-05,10.654462385177613,0.9479721069335938,21.17931032180786,6.023610258102417,
FFNO,standard,attack_sequential_spatial_eps0.005_pde10.0_bc10.0,Sequential,Spatial,0.005,,10.0,0.0,0.0,0.0,0.0,0.005292279459536075,0.14295089170336722,6.871946357023262e-06,0.005077037727460265,8.316479587554932,0.8418533146381378,190.52503662109376,3.5315955877304077,
FFNO,standard,attack_spatial_stealth_eps0.05_pde10.0_bc10.0,PGD-Stealth,Spatial,0.05,,10.0,1.956769335269928,0.12230495288968087,92.82548789978027,36.144202041625974,0.005292279459536075,0.1080614909529686,6.871946357023262e-06,0.0033449170005042106,8.316479587554932,0.8418533146381378,170.73219680786133,1.4848007559776306,0.8835414134899355
FFNO,standard,attack_noise_spectral_l2_0.075,Noise,Spectral,,0.075,0.0,1.2052239179611206,0.07500000298023224,3.772116201616882e-06,55.31546325683594,0.005292279459536075,0.006440549017861485,6.871946357023262e-06,1.025628844217863e-05,8.316479587554932,0.8418533146381378,8.77793231010437,0.8406877756118775,0.08587398349249428
FFNO,standard,attack_spatial_stealth_eps0.005_pde10.0_bc10.0,PGD-Stealth,Spatial,0.005,,10.0,0.19808997213840485,0.012438795808702708,5.8537770986557005,7.240769958496093,0.005292279459536075,0.007259635254740715,6.871946357023262e-06,1.3370323040362564e-05,8.316479587554932,0.8418533146381378,11.12469711303711,0.8446190774440765,0.5836284610172287
FFNO,cross_res_low,attack_spatial_pure_eps0.005,PGD-Pure,Spatial,0.005,,0.0,0.21758834421634674,0.013660422805696727,10.872353076934814,2.9841585397720336,0.08813581839203835,0.08879027888178825,0.0017880412633530796,0.0018154043704271317,29.331237983703613,0.3050313159823418,29.667285537719728,0.3084029763936996,6.499819232883521
FFNO,cross_res_high,attack_spatial_pure_eps0.005,PGD-Pure,Spatial,0.005,,0.0,0.21758834421634674,0.013660422805696727,10.872353076934814,2.9841585397720336,0.043741409480571744,0.04606879875063896,0.00044559196103364227,0.0004992520000087098,235.53778228759765,7.378415918350219,251.8407180786133,7.386698389053345,3.3724284676918757
FFNO,standard,attack_spatial_pure_eps0.005,PGD-Pure,Spatial,0.005,,0.0,0.21758834421634674,0.013660422805696727,10.872353076934814,2.9841585397720336,0.005292279459536075,0.014344580098986625,6.871946357023262e-06,5.2598121510527565e-05,8.316479587554932,0.8418533146381378,22.79117956161499,0.8561624109745025,1.050083171144936
FFNO,standard,attack_sequential_spatial_eps0.05_pde10.0_bc10.0,Sequential,Spatial,0.05,,10.0,0.0,0.0,0.0,0.0,0.005292279459536075,1.4480149388313293,6.871946357023262e-06,0.5275765985250473,8.316479587554932,0.8418533146381378,1990.8409912109375,26.57136974334717,
FFNO,cross_res_low,attack_spatial_pure_eps0.05,PGD-Pure,Spatial,0.05,,0.0,2.172460973262787,0.13639475256204606,113.67503967285157,29.146437454223634,0.08813581839203835,0.16612366884946822,0.0017880412633530796,0.0066396234091371294,29.331237983703613,0.3050313159823418,63.252388381958006,0.45659619867801665,1.2179623169439635
FFNO,cross_res_high,attack_spatial_pure_eps0.05,PGD-Pure,Spatial,0.05,,0.0,2.172460973262787,0.13639475256204606,113.67503967285157,29.146437454223634,0.043741409480571744,0.14219130873680114,0.00044559196103364227,0.005136870546266437,235.53778228759765,7.378415918350219,902.50908203125,9.41807165145874,1.0424983811024418
FFNO,standard,attack_spatial_pure_eps0.05,PGD-Pure,Spatial,0.05,,0.0,2.172460973262787,0.13639475256204606,113.67503967285157,29.146437454223634,0.005292279459536075,0.1365133859217167,6.871946357023262e-06,0.004730734520126134,8.316479587554932,0.8418533146381378,219.2670684814453,1.642670327425003,1.000869779499887
FFNO,standard,attack_spectral_stealth_eps0.1_pde10.0_bc10.0,PGD-Stealth,Spectral,0.1,,10.0,0.29908561110496523,0.019518628437072038,1.6115395963191985,13.577046966552734,0.005292279459536075,0.005879570171236992,6.871946357023262e-06,8.406785354964086e-06,8.316479587554932,0.8418533146381378,8.716288709640503,0.8416111171245575,0.3012286539596108
FFNO,cross_res_low,attack_spatial_pure_eps0.1,PGD-Pure,Spatial,0.1,,0.0,4.325492191314697,0.2716543272137642,219.00662689208986,56.8795768737793,0.08813581839203835,0.2786723136901855,0.0017880412633530796,0.019508760096505283,29.331237983703613,0.3050313159823418,106.3121223449707,0.7417997062206269,1.0258342524796187
FFNO,cross_res_high,attack_spatial_pure_eps0.1,PGD-Pure,Spatial,0.1,,0.0,4.325492191314697,0.2716543272137642,219.00662689208986,56.8795768737793,0.043741409480571744,0.27250182777643206,0.00044559196103364227,0.018800532259047032,235.53778228759765,7.378415918350219,1674.5392333984375,13.694444036483764,1.0031197756772745
FFNO,standard,attack_spatial_pure_eps0.1,PGD-Pure,Spatial,0.1,,0.0,4.325492191314697,0.2716543272137642,219.00662689208986,56.8795768737793,0.005292279459536075,0.26726976335048674,6.871946357023262e-06,0.018159672478213908,8.316479587554932,0.8418533146381378,412.3300750732422,2.872448778152466,0.9838597680064664
FFNO,standard,attack_sequential_spatial_eps0.01_pde10.0_bc10.0,Sequential,Spatial,0.01,,10.0,0.0,0.0,0.0,0.0,0.005292279459536075,0.2962411090731621,6.871946357023262e-06,0.022384508699178695,8.316479587554932,0.8418533146381378,392.0238555908203,6.7360451221466064,
FFNO,standard,attack_noise_spectral_l2_0.05,Noise,Spectral,,0.05,0.0,0.8034825801849366,0.05,3.402650099815219e-06,36.908518409729005,0.005292279459536075,0.005760249122977257,6.871946357023262e-06,8.147795415425208e-06,8.316479587554932,0.8418533146381378,8.399372482299805,0.8422470331192017,0.11520498245954514
FFNO,standard,attack_noise_spatial_l2_0.025,Noise,Spatial,,0.025,0.0,0.40174129605293274,0.02500000037252903,3.1569313526153566,18.192721366882324,0.005292279459536075,0.005624642875045538,6.871946357023262e-06,7.759474374324782e-06,8.316479587554932,0.8418533146381378,8.462580633163451,0.8412401616573334,0.22498571164927317
FFNO,standard,attack_sequential_spectral_eps0.001_pde10.0_bc10.0,Sequential,Spectral,0.001,,10.0,0.0,0.0,0.0,0.0,0.005292279459536075,0.011906910967081786,6.871946357023262e-06,3.415588562347693e-05,8.316479587554932,0.8418533146381378,15.736828804016113,5.056734657287597,
FFNO,cross_res_low,attack_spectral_pure_eps0.01,PGD-Pure,Spectral,0.01,,0.0,0.028949700854718687,0.001893175730947405,0.15012643709778786,1.3143330216407776,0.08813581839203835,0.0881398119032383,0.0017880412633530796,0.0017882085405290127,29.331237983703613,0.3050313159823418,29.331839752197265,0.3054020956158638,46.55659295776539
FFNO,cross_res_high,attack_spectral_pure_eps0.01,PGD-Pure,Spectral,0.01,,0.0,0.028949700854718687,0.001893175730947405,0.15012643709778786,1.3143330216407776,0.043741409480571744,0.04374036528170109,0.00044559196103364227,0.0004455689340829849,235.53778228759765,7.378415918350219,235.53763732910156,7.379350328445435,23.104228818637996
FFNO,standard,attack_spectral_pure_eps0.01,PGD-Pure,Spectral,0.01,,0.0,0.028949700854718687,0.001893175730947405,0.15012643709778786,1.3143330216407776,0.005292279459536075,0.005298528028652072,6.871946357023262e-06,6.889414294164453e-06,8.316479587554932,0.8418533146381378,8.321390008926391,0.8420886814594268,2.7987512950002382
FFNO,standard,attack_noise_spatial_l2_0.075,Noise,Spatial,,0.075,0.0,1.2052239000797271,0.07500000223517418,9.75177001953125,54.53378524780273,0.005292279459536075,0.008202486764639616,6.871946357023262e-06,1.7482030625615152e-05,8.316479587554932,0.8418533146381378,10.637586212158203,0.8439152777194977,0.10936648693581957
FFNO,standard,attack_noise_spatial_l2_0.1,Noise,Spatial,,0.1,0.0,1.606965148448944,0.09999999925494193,12.65242829322815,72.70740585327148,0.005292279459536075,0.009445305680856109,6.871946357023262e-06,2.1925129931332777e-05,8.316479587554932,0.8418533146381378,11.297861194610595,0.8506377577781677,0.09445305751229122
FFNO,standard,attack_noise_spectral_l2_0.025,Noise,Spectral,,0.025,0.0,0.40174129903316497,0.025000000186264516,3.294379871476849e-06,18.43287410736084,0.005292279459536075,0.005417010863311589,6.871946357023262e-06,7.2100388933904466e-06,8.316479587554932,0.8418533146381378,8.343840074539184,0.8416356861591339,0.21668043291806852
FFNO,standard,attack_spectral_stealth_eps0.05_pde10.0_bc10.0,PGD-Stealth,Spectral,0.05,,10.0,0.18875082284212114,0.012308018654584885,1.0939090371131897,8.57399787902832,0.005292279459536075,0.00566131470259279,6.871946357023262e-06,7.82606743996439e-06,8.316479587554932,0.8418533146381378,8.694869756698608,0.8412940382957459,0.4599696231760164
FFNO,standard,attack_spatial_stealth_eps0.01_pde10.0_bc10.0,PGD-Stealth,Spatial,0.01,,10.0,0.38447493612766265,0.02411987856030464,13.010605573654175,12.770166301727295,0.005292279459536075,0.013113794941455125,6.871946357023262e-06,4.9319704157824165e-05,8.316479587554932,0.8418533146381378,19.667851829528807,0.8630517363548279,0.5436924115794344
FFNO,standard,attack_sequential_spatial_eps0.1_pde10.0_bc10.0,Sequential,Spatial,0.1,,10.0,0.0,0.0,0.0,0.0,0.005292279459536075,2.8377246856689453,6.871946357023262e-06,1.9893134891986848,8.316479587554932,0.8418533146381378,3731.1941162109374,29.876802253723145,
FFNO,standard,attack_spectral_stealth_eps0.01_pde10.0_bc10.0,PGD-Stealth,Spectral,0.01,,10.0,0.13469985127449036,0.008748884312808514,0.8069085061550141,6.128258895874024,0.005292279459536075,0.005582265090197325,6.871946357023262e-06,7.6265683674137105e-06,8.316479587554932,0.8418533146381378,8.667138004302979,0.8412393689155578,0.6380545096504242
FFNO,standard,clean_baseline,Clean,Unknown,,,0.0,0.0,0.0,0.0,0.0,0.005839322481770068,0.005839322481770068,9.209519389514753e-06,9.209519389514753e-06,9.139227666854858,0.8849317598342895,9.139227666854858,0.8849317598342895,
FFNO,standard,attack_spatial_stealth_eps0.001_pde10.0_bc10.0,PGD-Stealth,Spatial,0.001,,10.0,0.04247141983360052,0.002668810589239001,0.9818903028964996,1.7133351564407349,0.005292279459536075,0.005368474521674216,6.871946357023262e-06,7.0749136511949475e-06,8.316479587554932,0.8418533146381378,8.447603750228883,0.8412429869174958,2.0115607092240335
FFNO,cross_res_low,attack_spectral_pure_eps0.001,PGD-Pure,Spectral,0.001,,0.0,0.0029051197227090595,0.00019006415386684238,0.015777887124568225,0.13166655749082565,0.08813581839203835,0.08813669830560684,0.0017880412633530796,0.0017880776547826826,29.331237983703613,0.3050313159823418,29.331340408325197,0.3052135929465294,463.720783285389
FFNO,cross_res_high,attack_spectral_pure_eps0.001,PGD-Pure,Spectral,0.001,,0.0,0.0029051197227090595,0.00019006415386684238,0.015777887124568225,0.13166655749082565,0.043741409480571744,0.043741055950522426,0.00044559196103364227,0.00044558406225405636,235.53778228759765,7.378415918350219,235.53684997558594,7.379648685455322,230.138377282689
FFNO,standard,attack_spectral_pure_eps0.001,PGD-Pure,Spectral,0.001,,0.0,0.0029051197227090595,0.00019006415386684238,0.015777887124568225,0.13166655749082565,0.005292279459536075,0.0052921551978215575,6.871946357023262e-06,6.871456116641639e-06,8.316479587554932,0.8418533146381378,8.316869211196899,0.8419241964817047,27.844046813420718
FFNO,standard,attack_spectral_stealth_eps0.001_pde10.0_bc10.0,PGD-Stealth,Spectral,0.001,,10.0,0.13289047703146933,0.00863105794414878,0.8059912621974945,6.045721912384034,0.005292279459536075,0.005582661414518952,6.871946357023262e-06,7.626431306562154e-06,8.316479587554932,0.8418533146381378,8.670411252975464,0.8412892043590545,0.64681079082589
FFNO,standard,attack_noise_spatial_l2_0.05,Noise,Spatial,,0.05,0.0,0.803482574224472,0.04999999925494194,6.318469858169555,36.384073448181155,0.005292279459536075,0.006893335562199354,6.871946357023262e-06,1.1674735696942662e-05,8.316479587554932,0.8418533146381378,9.70771403312683,0.8425366818904877,0.1378667132983612
FFNO,cross_res_low,attack_spectral_pure_eps0.05,PGD-Pure,Spectral,0.05,,0.0,0.14315957129001616,0.00937269744463265,0.6153316676616669,6.500963258743286,0.08813581839203835,0.08812073543667794,0.0017880412633530796,0.0017874637036584319,29.331237983703613,0.3050313159823418,29.324194526672365,0.30499407052993777,9.401854264178876
FFNO,cross_res_high,attack_spectral_pure_eps0.05,PGD-Pure,Spectral,0.05,,0.0,0.14315957129001616,0.00937269744463265,0.6153316676616669,6.500963258743286,0.043741409480571744,0.043768271803855896,0.00044559196103364227,0.00044612414203584196,235.53778228759765,7.378415918350219,235.62764892578124,7.378405570983887,4.6697625803466165
FFNO,standard,attack_spectral_pure_eps0.05,PGD-Pure,Spectral,0.05,,0.0,0.14315957129001616,0.00937269744463265,0.6153316676616669,6.500963258743286,0.005292279459536075,0.005355479521676898,6.871946357023262e-06,7.005033194218413e-06,8.316479587554932,0.8418533146381378,8.307796907424926,0.841605144739151,0.5713914861024086
FFNO,cross_res_low,attack_spatial_pure_eps0.001,PGD-Pure,Spatial,0.001,,0.0,0.04352968465536833,0.002732569398358464,2.179229211807251,0.5986477583646774,0.08813581839203835,0.08810515552759171,0.0017880412633530796,0.0017868545255623758,29.331237983703613,0.3050313159823418,29.327291870117186,0.30674445182085036,32.24260491994059
FFNO,cross_res_high,attack_spatial_pure_eps0.001,PGD-Pure,Spatial,0.001,,0.0,0.04352968465536833,0.002732569398358464,2.179229211807251,0.5986477583646774,0.043741409480571744,0.04386026300489902,0.00044559196103364227,0.00044807450904045255,235.53778228759765,7.378415918350219,236.25673065185546,7.373921918869018,16.050923731798793
FFNO,standard,attack_spatial_pure_eps0.001,PGD-Pure,Spatial,0.001,,0.0,0.04352968465536833,0.002732569398358464,2.179229211807251,0.5986477583646774,0.005292279459536075,0.005750551773235202,6.871946357023262e-06,8.187674802684342e-06,8.316479587554932,0.8418533146381378,9.095834732055664,0.8435393869876862,2.104448573818374
FFNO,standard,attack_sequential_spectral_eps0.05_pde10.0_bc10.0,Sequential,Spectral,0.05,,10.0,0.0,0.0,0.0,0.0,0.005292279459536075,0.011447892617434263,6.871946357023262e-06,3.158127492497442e-05,8.316479587554932,0.8418533146381378,14.983211517333984,5.02751669883728,
FFNO,standard,attack_noise_spectral_l2_0.1,Noise,Spectral,,0.1,0.0,1.606965172290802,0.10000000074505806,3.870279715556535e-06,73.84994926452637,0.005292279459536075,0.007245827140286565,6.871946357023262e-06,1.3096820111968555e-05,8.316479587554932,0.8418533146381378,9.241218996047973,0.8409826576709747,0.07245827086300946
FFNO,cross_res_low,attack_spectral_pure_eps0.005,PGD-Pure,Spectral,0.005,,0.0,0.014352283161133527,0.0009409449296072126,0.06126755457371473,0.6506988286972046,0.08813581839203835,0.08813748061656952,0.0017880412633530796,0.0017881080391816794,29.331237983703613,0.3050313159823418,29.33208770751953,0.30510836839675903,93.66911690927712
FFNO,cross_res_high,attack_spectral_pure_eps0.005,PGD-Pure,Spectral,0.005,,0.0,0.014352283161133527,0.0009409449296072126,0.06126755457371473,0.6506988286972046,0.043741409480571744,0.04374067895114422,0.00044559196103364227,0.0004455784859601408,235.53778228759765,7.378415918350219,235.53164367675782,7.3788182735443115,46.48590749025376
FFNO,standard,attack_spectral_pure_eps0.005,PGD-Pure,Spectral,0.005,,0.0,0.014352283161133527,0.0009409449296072126,0.06126755457371473,0.6506988286972046,0.005292279459536075,0.005295470985583961,6.871946357023262e-06,6.880371438455768e-06,8.316479587554932,0.8418533146381378,8.319765043258666,0.8422597825527192,5.627822435681224
FFNO,standard,attack_spectral_stealth_eps0.005_pde10.0_bc10.0,PGD-Stealth,Spectral,0.005,,10.0,0.13354825228452682,0.008679205551743507,0.8205762445926666,6.071491765975952,0.005292279459536075,0.0055836122017353775,6.871946357023262e-06,7.628683215443744e-06,8.316479587554932,0.8418533146381378,8.671957445144653,0.8415332853794097,0.6433321769425916
FFNO,standard,attack_noise_spectral_l2_0.01,Noise,Spectral,,0.01,0.0,0.1606965109705925,0.009999999776482582,3.2760990279712133e-06,7.376356887817383,0.005292279459536075,0.005314190592616797,6.871946357023262e-06,6.930294421181315e-06,8.316479587554932,0.8418533146381378,8.319078636169433,0.8420861721038818,0.5314190711398216
FFNO,standard,attack_noise_spatial_l2_0.01,Noise,Spatial,,0.01,0.0,0.16069651022553444,0.009999999683350325,1.247575831413269,7.276335191726685,0.005292279459536075,0.00532637860160321,6.871946357023262e-06,6.987256801949115e-06,8.316479587554932,0.8418533146381378,8.317716884613038,0.8414932131767273,0.5326378770262821
FFNO,standard,attack_sequential_spatial_eps0.001_pde10.0_bc10.0,Sequential,Spatial,0.001,,10.0,0.0,0.0,0.0,0.0,0.005292279459536075,0.030361293442547323,6.871946357023262e-06,0.00022599225121666677,8.316479587554932,0.8418533146381378,41.39510040283203,1.0717715740203857,
FFNO,standard,attack_sequential_spectral_eps0.1_pde10.0_bc10.0,Sequential,Spectral,0.1,,10.0,0.0,0.0,0.0,0.0,0.005292279459536075,0.011598142329603434,6.871946357023262e-06,3.215831275156233e-05,8.316479587554932,0.8418533146381378,14.449903297424317,6.526379156112671,
FFNO,cross_res_low,attack_spatial_pure_eps0.01,PGD-Pure,Spatial,0.01,,0.0,0.43516290187835693,0.027316363900899886,22.269939804077147,5.881597661972046,0.08813581839203835,0.09468364790081978,0.0017880412633530796,0.002071701257955283,29.331237983703613,0.3050313159823418,32.326663398742674,0.3105349466204643,3.466187822226977
FFNO,cross_res_high,attack_spatial_pure_eps0.01,PGD-Pure,Spatial,0.01,,0.0,0.43516290187835693,0.027316363900899886,22.269939804077147,5.881597661972046,0.043741409480571744,0.05032255947589874,0.00044559196103364227,0.000598392795654945,235.53778228759765,7.378415918350219,283.210400390625,7.453929710388183,1.8422129555186135
FFNO,standard,attack_spatial_pure_eps0.01,PGD-Pure,Spatial,0.01,,0.0,0.43516290187835693,0.027316363900899886,22.269939804077147,5.881597661972046,0.005292279459536075,0.02796882838010788,6.871946357023262e-06,0.00019915801676688715,8.316479587554932,0.8418533146381378,44.79770679473877,0.8786209225654602,1.023885480570366
FFNO,cross_res_low,attack_spectral_pure_eps0.1,PGD-Pure,Spectral,0.1,,0.0,0.2849060297012329,0.018654620554298163,1.484041404724121,12.934190654754639,0.08813581839203835,0.0881446771323681,0.0017880412633530796,0.0017883613822050393,29.331237983703613,0.3050313159823418,29.32914638519287,0.30515651404857635,4.725085502318561
FFNO,cross_res_high,attack_spectral_pure_eps0.1,PGD-Pure,Spectral,0.1,,0.0,0.2849060297012329,0.018654620554298163,1.484041404724121,12.934190654754639,0.043741409480571744,0.04378979690372944,0.00044559196103364227,0.00044660981511697174,235.53778228759765,7.378415918350219,235.59424896240233,7.377027797698974,2.3473968165833288
FFNO,standard,attack_spectral_pure_eps0.1,PGD-Pure,Spectral,0.1,,0.0,0.2849060297012329,0.018654620554298163,1.484041404724121,12.934190654754639,0.005292279459536075,0.005599792907014489,6.871946357023262e-06,7.642885157110868e-06,8.316479587554932,0.8418533146381378,8.335419368743896,0.8417010128498077,0.30018262181828487
FFNO,standard,attack_sequential_spectral_eps0.01_pde10.0_bc10.0,Sequential,Spectral,0.01,,10.0,0.0,0.0,0.0,0.0,0.005292279459536075,0.01189177054911852,6.871946357023262e-06,3.405917705094908e-05,8.316479587554932,0.8418533146381378,15.702095890045166,5.05744161605835,
FFNO,standard,attack_spatial_stealth_eps0.1_pde10.0_bc10.0,PGD-Stealth,Spatial,0.1,,10.0,3.9332383632659913,0.24588992446660995,196.41620559692382,57.05791664123535,0.005292279459536075,0.23468131124973296,6.871946357023262e-06,0.014962295349687339,8.316479587554932,0.8418533146381378,377.4596481323242,2.3823212504386904,0.9544161346131161
FFNO,standard,attack_sequential_spectral_eps0.005_pde10.0_bc10.0,Sequential,Spectral,0.005,,10.0,0.0,0.0,0.0,0.0,0.005292279459536075,0.011906592454761267,6.871946357023262e-06,3.416042891331017e-05,8.316479587554932,0.8418533146381378,15.736888217926026,5.052135944366455,
CNO,standard,attack_sequential_spatial_eps0.005_pde10.0_bc10.0,Sequential,Spatial,0.005,,10.0,0.0,0.0,0.0,0.0,0.02594700213521719,0.1506590873003006,0.0001689699107373599,0.005660259583964944,40.003539848327634,11.579372262954712,206.2302032470703,12.532334804534912,
CNO,standard,attack_spatial_stealth_eps0.05_pde10.0_bc10.0,PGD-Stealth,Spatial,0.05,,10.0,1.7837320923805238,0.11244179531931878,74.75004386901855,44.28202590942383,0.02594700213521719,0.07869701869785786,0.0001689699107373599,0.0016065912990598009,40.003539848327634,11.579372262954712,117.24812507629395,9.650619411468506,0.6998911612391947
CNO,standard,attack_noise_spectral_l2_0.075,Noise,Spectral,,0.075,0.0,1.2052238762378693,0.07500000074505805,3.325041143398266e-06,55.26127967834473,0.02594700213521719,0.02716071978211403,0.0001689699107373599,0.00018465256725903602,40.003539848327634,11.579372262954712,41.4420389175415,11.917004537582397,0.3621429268306203
CNO,standard,attack_spatial_stealth_eps0.005_pde10.0_bc10.0,PGD-Stealth,Spatial,0.005,,10.0,0.2156049981713295,0.01353013440966606,7.972054862976075,7.309315633773804,0.02594700213521719,0.02336879540234804,0.0001689699107373599,0.00013709997074329294,40.003539848327634,11.579372262954712,34.17473449707031,7.01560606956482,1.7271665376548768
CNO,cross_res_low,attack_spatial_pure_eps0.005,PGD-Pure,Spatial,0.005,,0.0,0.21763981133699417,0.013662482146173716,9.091599035263062,6.5551050186157225,0.41988993287086485,0.42097339034080505,0.042052699439227584,0.04229892399162054,133.14568786621095,21.435568809509277,133.34931488037108,21.422041130065917,30.812365266929326
CNO,cross_res_high,attack_spatial_pure_eps0.005,PGD-Pure,Spatial,0.005,,0.0,0.21763981133699417,0.013662482146173716,9.091599035263062,6.5551050186157225,0.6756534814834595,0.6753427445888519,0.11019256934523583,0.11004123613238334,3110.9431396484374,412.06357727050784,3109.5124755859374,410.4107940673828,49.43045761110011
CNO,standard,attack_spatial_pure_eps0.005,PGD-Pure,Spatial,0.005,,0.0,0.21763981133699417,0.013662482146173716,9.091599035263062,6.5551050186157225,0.02594700213521719,0.034773075953125954,0.0001689699107373599,0.00032706572601455265,40.003539848327634,11.579372262954712,53.48527030944824,12.664033889770508,2.5451506967102917
CNO,standard,attack_sequential_spatial_eps0.05_pde10.0_bc10.0,Sequential,Spatial,0.05,,10.0,0.0,0.0,0.0,0.0,0.02594700213521719,105234.1975849688,0.0001689699107373599,11585145862.184969,40.003539848327634,11.579372262954712,1748.3838745117187,1670.7293464660645,
CNO,cross_res_low,attack_spatial_pure_eps0.05,PGD-Pure,Spatial,0.05,,0.0,2.1684916973114015,0.13614081516861914,92.26611938476563,63.052924728393556,0.41988993287086485,0.42569099366664886,0.042052699439227584,0.04325945060700178,133.14568786621095,21.435568809509277,136.76397323608398,21.221775245666503,3.12684328457563
CNO,cross_res_high,attack_spatial_pure_eps0.05,PGD-Pure,Spatial,0.05,,0.0,2.1684916973114015,0.13614081516861914,92.26611938476563,63.052924728393556,0.6756534814834595,0.6929258286952973,0.11019256934523583,0.11586589589715005,3110.9431396484374,412.06357727050784,3365.9759521484375,436.72438354492186,5.0897728784498915
CNO,standard,attack_spatial_pure_eps0.05,PGD-Pure,Spatial,0.05,,0.0,2.1684916973114015,0.13614081516861914,92.26611938476563,63.052924728393556,0.02594700213521719,0.1791047126054764,0.0001689699107373599,0.008066998119466007,40.003539848327634,11.579372262954712,288.04037017822264,42.67519989013672,1.3155842528461703
CNO,standard,attack_spectral_stealth_eps0.1_pde10.0_bc10.0,PGD-Stealth,Spectral,0.1,,10.0,0.323804447054863,0.021268425695598125,1.8643519759178162,14.724919700622559,0.02594700213521719,0.02194311311468482,0.0001689699107373599,0.00011896231007995084,40.003539848327634,11.579372262954712,32.24326572418213,8.111320304870606,1.0317224898891475
CNO,cross_res_low,attack_spatial_pure_eps0.1,PGD-Pure,Spatial,0.1,,0.0,4.317949843406677,0.2712161436676979,191.45704803466796,118.49588165283203,0.41988993287086485,0.4610562026500702,0.042052699439227584,0.051072940416634086,133.14568786621095,21.435568809509277,155.2958023071289,21.399444770812988,1.6999585511951307
CNO,cross_res_high,attack_spatial_pure_eps0.1,PGD-Pure,Spatial,0.1,,0.0,4.317949843406677,0.2712161436676979,191.45704803466796,118.49588165283203,0.6756534814834595,0.743941330909729,0.11019256934523583,0.13331941813230513,3110.9431396484374,412.06357727050784,3740.916064453125,480.0728485107422,2.742983219395775
CNO,standard,attack_spatial_pure_eps0.1,PGD-Pure,Spatial,0.1,,0.0,4.317949843406677,0.2712161436676979,191.45704803466796,118.49588165283203,0.02594700213521719,327161073.2348008,0.0001689699107373599,2.6762637885654957e+17,40.003539848327634,11.579372262954712,23866.235095214844,70731.92719459534,1206274334.5973103
CNO,standard,attack_sequential_spatial_eps0.01_pde10.0_bc10.0,Sequential,Spatial,0.01,,10.0,0.0,0.0,0.0,0.0,0.02594700213521719,0.2800778180360794,0.0001689699107373599,0.020322714140638708,40.003539848327634,11.579372262954712,407.2609466552734,26.149937438964844,
CNO,standard,attack_noise_spectral_l2_0.05,Noise,Spectral,,0.05,0.0,0.8034826040267944,0.05000000149011612,3.538966575433733e-06,36.89429950714111,0.02594700213521719,0.026337450742721556,0.0001689699107373599,0.0001728721988911275,40.003539848327634,11.579372262954712,40.37341041564942,11.65107593536377,0.5267489991560876
CNO,standard,attack_noise_spatial_l2_0.025,Noise,Spatial,,0.025,0.0,0.40174129903316497,0.02500000037252903,3.295497679710388,18.16482744216919,0.02594700213521719,0.02626689001917839,0.0001689699107373599,0.00017169518614537082,40.003539848327634,11.579372262954712,40.39990520477295,11.619507265090942,1.0506755851108494
CNO,standard,attack_sequential_spectral_eps0.001_pde10.0_bc10.0,Sequential,Spectral,0.001,,10.0,0.0,0.0,0.0,0.0,0.02594700213521719,0.028613205626606943,0.0001689699107373599,0.00019384112529223784,40.003539848327634,11.579372262954712,40.000729942321776,6.31830849647522,
CNO,cross_res_low,attack_spectral_pure_eps0.01,PGD-Pure,Spectral,0.01,,0.0,0.03980692923069,0.0025821250514127315,0.27049516439437865,1.809104895591736,0.41988993287086485,0.41988625526428225,0.042052699439227584,0.04205174874514341,133.14568786621095,21.435568809509277,133.14725646972656,21.43638515472412,162.61267247089918
CNO,cross_res_high,attack_spectral_pure_eps0.01,PGD-Pure,Spectral,0.01,,0.0,0.03980692923069,0.0025821250514127315,0.27049516439437865,1.809104895591736,0.6756534814834595,0.675714123249054,0.11019256934523583,0.1102149099111557,3110.9431396484374,412.06357727050784,3111.7070068359376,412.2976440429687,261.6891551706055
CNO,standard,attack_spectral_pure_eps0.01,PGD-Pure,Spectral,0.01,,0.0,0.03980692923069,0.0025821250514127315,0.27049516439437865,1.809104895591736,0.02594700213521719,0.02542681396007538,0.0001689699107373599,0.00016376797757402528,40.003539848327634,11.579372262954712,39.280064010620116,11.390880727767945,9.847243434691077
CNO,standard,attack_noise_spatial_l2_0.075,Noise,Spatial,,0.075,0.0,1.2052238762378693,0.07500000074505805,9.544098234176635,54.53232650756836,0.02594700213521719,0.027438123896718025,0.0001689699107373599,0.00018876808680943214,40.003539848327634,11.579372262954712,41.28923225402832,11.55745997428894,0.3658416483219301
CNO,standard,attack_noise_spatial_l2_0.1,Noise,Spatial,,0.1,0.0,1.606965219974518,0.1000000037252903,12.546889686584473,72.78194885253906,0.02594700213521719,0.029923183284699915,0.0001689699107373599,0.00023439926881110295,40.003539848327634,11.579372262954712,45.96340961456299,13.561733865737915,0.2992318216997451
CNO,standard,attack_noise_spectral_l2_0.025,Noise,Spectral,,0.025,0.0,0.401741287112236,0.024999999813735484,3.469627495178429e-06,18.4387318611145,0.02594700213521719,0.026343310624361037,0.0001689699107373599,0.00017480852620792574,40.003539848327634,11.579372262954712,40.69125232696533,11.98986005783081,1.0537324328253599
CNO,standard,attack_spectral_stealth_eps0.05_pde10.0_bc10.0,PGD-Stealth,Spectral,0.05,,10.0,0.230318820476532,0.01505262078717351,1.377090060710907,10.516586303710938,0.02594700213521719,0.021838529128581287,0.0001689699107373599,0.00011852348143293057,40.003539848327634,11.579372262954712,32.16868953704834,8.096950674057007,1.4508124158146678
CNO,standard,attack_spatial_stealth_eps0.01_pde10.0_bc10.0,PGD-Stealth,Spatial,0.01,,10.0,0.423716738820076,0.026589584536850452,16.39377155303955,13.656000137329102,0.02594700213521719,0.02701521888375282,0.0001689699107373599,0.0001893506749183871,40.003539848327634,11.579372262954712,40.099117851257326,6.333677864074707,1.016007559137018
CNO,standard,attack_sequential_spatial_eps0.1_pde10.0_bc10.0,Sequential,Spatial,0.1,,10.0,0.0,0.0,0.0,0.0,0.02594700213521719,352414.4111518264,0.0001689699107373599,105212951749.23897,40.003539848327634,11.579372262954712,2759.800988769531,4686.917150878906,
CNO,standard,attack_spectral_stealth_eps0.01_pde10.0_bc10.0,PGD-Stealth,Spectral,0.01,,10.0,0.1805917352437973,0.011812291014939547,1.1319776952266694,8.276867723464965,0.02594700213521719,0.022009653318673373,0.0001689699107373599,0.00012038434033456724,40.003539848327634,11.579372262954712,32.45336227416992,8.233063125610352,1.863284039551409
CNO,standard,clean_baseline,Clean,Unknown,,,0.0,0.0,0.0,0.0,0.0,0.029896888891234995,0.029896888891234995,0.0005683683252755145,0.0005683683252755145,40.219652547836304,12.34070559501648,40.219652547836304,12.34070559501648,
CNO,standard,attack_spatial_stealth_eps0.001_pde10.0_bc10.0,PGD-Stealth,Spatial,0.001,,10.0,0.043542880192399026,0.002733290335163474,1.5327713310718536,1.5478721618652345,0.02594700213521719,0.02489731628447771,0.0001689699107373599,0.00015482098897336982,40.003539848327634,11.579372262954712,38.02588520050049,10.403135013580322,9.10891754314444
CNO,cross_res_low,attack_spectral_pure_eps0.001,PGD-Pure,Spectral,0.001,,0.0,0.009766576741822065,0.0006263421470066533,0.07656867913901806,0.43957193940877914,0.41988993287086485,0.4198951005935669,0.042052699439227584,0.04205387178808451,133.14568786621095,21.435568809509277,133.14778213500978,21.434961318969727,670.392536412062
CNO,cross_res_high,attack_spectral_pure_eps0.001,PGD-Pure,Spectral,0.001,,0.0,0.009766576741822065,0.0006263421470066533,0.07656867913901806,0.43957193940877914,0.6756534814834595,0.6756409406661987,0.11019256934523583,0.11018790379166603,3110.9431396484374,412.06357727050784,3110.4930908203123,411.91627502441406,1078.7090472757563
CNO,standard,attack_spectral_pure_eps0.001,PGD-Pure,Spectral,0.001,,0.0,0.009766576741822065,0.0006263421470066533,0.07656867913901806,0.43957193940877914,0.02594700213521719,0.02605912387371063,0.0001689699107373599,0.00017226572163053788,40.003539848327634,11.579372262954712,40.07307586669922,11.671074199676514,41.6052536113841
CNO,standard,attack_spectral_stealth_eps0.001_pde10.0_bc10.0,PGD-Stealth,Spectral,0.001,,10.0,0.17852725237607955,0.011667733825743199,1.1378817200660705,8.184183740615845,0.02594700213521719,0.02198217175900936,0.0001689699107373599,0.00011996597386314534,40.003539848327634,11.579372262954712,32.40179843902588,8.233082103729249,1.884013818562506
CNO,standard,attack_noise_spatial_l2_0.05,Noise,Spatial,,0.05,0.0,0.8034825921058655,0.05000000074505806,6.40215585231781,36.33549823760986,0.02594700213521719,0.02720031850039959,0.0001689699107373599,0.00018607221645652316,40.003539848327634,11.579372262954712,42.24934425354004,11.979007863998413,0.5440063619016653
CNO,cross_res_low,attack_spectral_pure_eps0.05,PGD-Pure,Spectral,0.05,,0.0,0.157653346657753,0.010231612250208855,0.9507439106702804,7.16157374382019,0.41988993287086485,0.4198624014854431,0.042052699439227584,0.04204778950661421,133.14568786621095,21.435568809509277,133.13109817504883,21.437869262695312,41.03580073383573
CNO,cross_res_high,attack_spectral_pure_eps0.05,PGD-Pure,Spectral,0.05,,0.0,0.157653346657753,0.010231612250208855,0.9507439106702804,7.16157374382019,0.6756534814834595,0.6758741915225983,0.11019256934523583,0.11026997491717339,3110.9431396484374,412.06357727050784,3111.372802734375,412.4014831542969,66.0574477408291
CNO,standard,attack_spectral_pure_eps0.05,PGD-Pure,Spectral,0.05,,0.0,0.157653346657753,0.010231612250208855,0.9507439106702804,7.16157374382019,0.02594700213521719,0.025648619048297405,0.0001689699107373599,0.00016194459167309105,40.003539848327634,11.579372262954712,39.275177764892575,11.238516902923584,2.506801315479273
CNO,cross_res_low,attack_spatial_pure_eps0.001,PGD-Pure,Spatial,0.001,,0.0,0.04355133399367332,0.00273385951295495,1.804239845275879,1.3131015837192535,0.41988993287086485,0.4198172211647034,0.042052699439227584,0.04204139485955238,133.14568786621095,21.435568809509277,133.07460403442383,21.43166275024414,153.56210484676114
CNO,cross_res_high,attack_spatial_pure_eps0.001,PGD-Pure,Spatial,0.001,,0.0,0.04355133399367332,0.00273385951295495,1.804239845275879,1.3131015837192535,0.6756534814834595,0.6756222367286682,0.11019256934523583,0.11017116233706474,3110.9431396484374,412.06357727050784,3110.9500244140627,411.87627868652345,247.1312931506153
CNO,standard,attack_spatial_pure_eps0.001,PGD-Pure,Spatial,0.001,,0.0,0.04355133399367332,0.00273385951295495,1.804239845275879,1.3131015837192535,0.02594700213521719,0.026918168552219866,0.0001689699107373599,0.00018348828016314655,40.003539848327634,11.579372262954712,41.23132514953613,11.95083065032959,9.846215002878766
CNO,standard,attack_sequential_spectral_eps0.05_pde10.0_bc10.0,Sequential,Spectral,0.05,,10.0,0.0,0.0,0.0,0.0,0.02594700213521719,0.027590325102210045,0.0001689699107373599,0.0001841221106587909,40.003539848327634,11.579372262954712,38.68189239501953,7.471009397506714,
CNO,standard,attack_noise_spectral_l2_0.1,Noise,Spectral,,0.1,0.0,1.6069651961326599,0.10000000149011612,4.001408433396136e-06,73.80015869140625,0.02594700213521719,0.029027752019464968,0.0001689699107373599,0.0002109345092321746,40.003539848327634,11.579372262954712,43.93210563659668,13.078200340270996,0.2902775158691776
CNO,cross_res_low,attack_spectral_pure_eps0.005,PGD-Pure,Spectral,0.005,,0.0,0.022926012612879278,0.0014314189087599517,0.1413376208394766,1.0368252456188203,0.41988993287086485,0.4198912143707275,0.042052699439227584,0.04205287229269743,133.14568786621095,21.435568809509277,133.14756698608397,21.436246490478517,293.33915585513836
CNO,cross_res_high,attack_spectral_pure_eps0.005,PGD-Pure,Spectral,0.005,,0.0,0.022926012612879278,0.0014314189087599517,0.1413376208394766,1.0368252456188203,0.6756534814834595,0.6755968630313873,0.11019256934523583,0.11017076522111893,3110.9431396484374,412.06357727050784,3110.50986328125,411.7970855712891,471.977042427546
CNO,standard,attack_spectral_pure_eps0.005,PGD-Pure,Spectral,0.005,,0.0,0.022926012612879278,0.0014314189087599517,0.1413376208394766,1.0368252456188203,0.02594700213521719,0.025967254489660262,0.0001689699107373599,0.00017088292879634536,40.003539848327634,11.579372262954712,39.916015434265134,11.547724628448487,18.140919007529305
CNO,standard,attack_spectral_stealth_eps0.005_pde10.0_bc10.0,PGD-Stealth,Spectral,0.005,,10.0,0.17962325662374495,0.01173622915521264,1.135866993665695,8.234569835662843,0.02594700213521719,0.021953691728413105,0.0001689699107373599,0.00011968935505137778,40.003539848327634,11.579372262954712,32.3520471572876,8.225119590759277,1.8705916046861086
CNO,standard,attack_noise_spectral_l2_0.01,Noise,Spectral,,0.01,0.0,0.16069650873541833,0.009999999497085809,3.2383747793574003e-06,7.381786727905274,0.02594700213521719,0.02585675548762083,0.0001689699107373599,0.00016741460422053933,40.003539848327634,11.579372262954712,39.781254577636716,11.571893358230591,2.585675678799382
CNO,standard,attack_noise_spatial_l2_0.01,Noise,Spatial,,0.01,0.0,0.16069650575518607,0.009999999403953552,1.2586985230445862,7.273270940780639,0.02594700213521719,0.02616549078375101,0.0001689699107373599,0.00017240900633623822,40.003539848327634,11.579372262954712,40.37487106323242,11.679971027374268,2.616549234333589
CNO,standard,attack_sequential_spatial_eps0.001_pde10.0_bc10.0,Sequential,Spatial,0.001,,10.0,0.0,0.0,0.0,0.0,0.02594700213521719,0.04001169763505459,0.0001689699107373599,0.00039633045089431106,40.003539848327634,11.579372262954712,55.054984664916994,4.77332820892334,
CNO,standard,attack_sequential_spectral_eps0.1_pde10.0_bc10.0,Sequential,Spectral,0.1,,10.0,0.0,0.0,0.0,0.0,0.02594700213521719,0.026464434899389745,0.0001689699107373599,0.00016695618032827042,40.003539848327634,11.579372262954712,36.440079307556154,10.743998432159424,
CNO,cross_res_low,attack_spatial_pure_eps0.01,PGD-Pure,Spatial,0.01,,0.0,0.4349700689315796,0.027306259982287882,17.442194843292235,12.699934101104736,0.41988993287086485,0.4205988943576813,0.042052699439227584,0.04219132643193006,133.14568786621095,21.435568809509277,132.92370681762696,21.413041496276854,15.403020942102705
CNO,cross_res_high,attack_spatial_pure_eps0.01,PGD-Pure,Spatial,0.01,,0.0,0.4349700689315796,0.027306259982287882,17.442194843292235,12.699934101104736,0.6756534814834595,0.6776132404804229,0.11019256934523583,0.1107189804315567,3110.9431396484374,412.06357727050784,3125.4198974609376,409.4063751220703,24.81530758587791
CNO,standard,attack_spatial_pure_eps0.01,PGD-Pure,Spatial,0.01,,0.0,0.4349700689315796,0.027306259982287882,17.442194843292235,12.699934101104736,0.02594700213521719,0.047285810485482214,0.0001689699107373599,0.0005900840827962383,40.003539848327634,11.579372262954712,73.68582611083984,15.021610164642334,1.7316838891944193
CNO,cross_res_low,attack_spectral_pure_eps0.1,PGD-Pure,Spectral,0.1,,0.0,0.2988824605941772,0.019566845800727605,1.2421208143234252,13.625337219238281,0.41988993287086485,0.4198561519384384,0.042052699439227584,0.04204696007072926,133.14568786621095,21.435568809509277,133.12430572509766,21.43453731536865,21.457528526280193
CNO,cross_res_high,attack_spectral_pure_eps0.1,PGD-Pure,Spectral,0.1,,0.0,0.2988824605941772,0.019566845800727605,1.2421208143234252,13.625337219238281,0.6756534814834595,0.6754470348358155,0.11019256934523583,0.11014299467206001,3110.9431396484374,412.06357727050784,3107.744140625,412.32692565917966,34.51997535600238
CNO,standard,attack_spectral_pure_eps0.1,PGD-Pure,Spectral,0.1,,0.0,0.2988824605941772,0.019566845800727605,1.2421208143234252,13.625337219238281,0.02594700213521719,0.02876623682677746,0.0001689699107373599,0.00020870335720246658,40.003539848327634,11.579372262954712,45.130692672729495,12.22577919960022,1.4701519662258375
CNO,standard,attack_sequential_spectral_eps0.01_pde10.0_bc10.0,Sequential,Spectral,0.01,,10.0,0.0,0.0,0.0,0.0,0.02594700213521719,0.028591247834265233,0.0001689699107373599,0.00019355622789589687,40.003539848327634,11.579372262954712,39.962208366394044,6.320716857910156,
CNO,standard,attack_spatial_stealth_eps0.1_pde10.0_bc10.0,PGD-Stealth,Spatial,0.1,,10.0,3.0888639450073243,0.19584494084119797,133.95486450195312,66.41409912109376,0.02594700213521719,0.1353234015405178,0.0001689699107373599,0.004653937299735844,40.003539848327634,11.579372262954712,198.54554443359376,9.597848844528198,0.6909721586846892
CNO,standard,attack_sequential_spectral_eps0.005_pde10.0_bc10.0,Sequential,Spectral,0.005,,10.0,0.0,0.0,0.0,0.0,0.02594700213521719,0.02867887429893017,0.0001689699107373599,0.00019475134395179338,40.003539848327634,11.579372262954712,40.1013162612915,6.35631914138794,
